ID,Type,SKU,Sold individually?
5085,simple,4021,0
5086,simple,9349,0
5087,simple,4012,0
5088,simple,3972,0
5089,simple,9152,0
5090,simple,3943,0
5091,simple,9246,0
5092,simple,106022,0
5093,simple,3983,0
5094,simple,9195,0
5095,simple,9196,0
5096,simple,9197,0
5097,simple,7039,0
5098,simple,9154,0
5099,simple,9247,0
5100,simple,9350,0
5101,simple,9351,0
5102,simple,9551,0
5103,simple,106454,0
5104,simple,9360,0
5105,simple,105802,0
5106,simple,9754,0
5107,simple,9249,0
5108,simple,10566,0
5109,simple,10567,0
5110,simple,105646,0
5111,simple,10590,0
5112,simple,9344,0
5113,simple,9250,0
5114,simple,105753,0
5115,simple,105754,0
5116,simple,9200,0
5117,simple,9198,0
5118,simple,9199,0
5119,simple,9201,0
5120,simple,3790,0
5121,simple,107048,0
5122,simple,10085,0
5123,simple,10216,0
5124,simple,10086,0
5125,simple,105578,0
5126,simple,9954,0
5127,simple,9749,0
5128,simple,9955,0
5129,simple,107043,0
5130,simple,9237,0
5131,simple,9957,0
5132,simple,9958,0
5133,simple,10218,0
5134,simple,9959,0
5135,simple,9238,0
5136,simple,107109,0
5137,simple,9750,0
5138,simple,106753,0
5139,simple,10147,0
5140,simple,106746,0
5141,simple,9573,0
5142,simple,9240,0
5143,simple,9751,0
5144,simple,9658,0
5145,simple,9962,0
5146,simple,10087,0
5147,simple,10219,0
5148,simple,106155,0
5149,simple,9963,0
5150,simple,10088,0
5151,simple,10220,0
5152,simple,9659,0
5153,simple,9964,0
5154,simple,9965,0
5155,simple,9967,0
5156,simple,9968,0
5157,simple,10089,0
5158,simple,106183,0
5159,simple,10149,0
5160,simple,10150,0
5161,simple,10090,0
5162,simple,107045,0
5163,simple,9241,0
5164,simple,3796,0
5165,simple,107046,0
5166,simple,107047,0
5167,simple,106747,0
5168,simple,9242,0
5169,simple,9969,0
5170,simple,10151,0
5171,simple,9528,0
5172,simple,105647,0
5173,simple,10152,0
5174,simple,106357,0
5175,simple,10092,0
5176,simple,9346,0
5177,simple,10221,0
5178,simple,9970,0
5179,simple,106028,0
5180,simple,10153,0
5181,simple,9971,0
5182,simple,9972,0
5183,simple,9636,0
5184,simple,9347,0
5185,simple,10154,0
5186,simple,9244,0
5187,simple,10222,0
5188,simple,9203,0
5189,simple,10569,0
5190,simple,106718,0
5191,simple,9348,0
5192,simple,10093,0
5193,simple,3799,0
5194,simple,106684,0
5195,simple,10223,0
5196,simple,10224,0
5197,simple,10094,0
5198,simple,9973,0
5199,simple,10225,0
5200,simple,106358,0
5201,simple,10226,0
5202,simple,106158,0
5203,simple,9153,0
5204,simple,105889,0
5205,simple,105577,0
5206,simple,9151,0
5207,simple,4032,0
5208,simple,105580,0
5209,simple,8879,0
5210,simple,106689,0
5211,simple,3801,0
5212,simple,3938,0
5213,simple,3944,0
5214,simple,3939,0
5215,simple,106687,0
5216,simple,9832,0
5217,simple,4041,0
5218,simple,10229,0
5219,simple,3803,0
5220,simple,7420,0
5221,simple,8336,0
5222,simple,3804,0
5223,simple,106685,0
5224,simple,4029,0
5225,simple,7414,0
5226,simple,106421,0
5227,simple,9756,0
5228,simple,10572,0
5229,simple,10526,0
5230,simple,105884,0
5231,simple,105885,0
5232,simple,3807,0
5233,simple,9589,0
5234,simple,3808,0
5235,simple,106456,0
5236,simple,9144,0
5237,simple,9352,0
5238,simple,10096,0
5239,simple,3809,0
5240,simple,3988,0
5241,simple,10228,0
5242,simple,10574,0
5243,simple,9575,0
5244,simple,10168,0
5245,simple,9576,0
5246,simple,10575,0
5247,simple,3960,0
5248,simple,9859,0
5249,simple,105649,0
5250,simple,3812,0
5251,simple,10576,0
5252,simple,3920,0
5253,simple,9666,0
5254,simple,10577,0
5255,simple,106360,0
5256,simple,10578,0
5257,simple,106361,0
5258,simple,10579,0
5259,simple,8028,0
5260,simple,105800,0
5261,simple,3815,0
5262,simple,8216,0
5263,simple,9245,0
5264,simple,9577,0
5265,simple,9757,0
5266,simple,3817,0
5267,simple,9146,0
5268,simple,106422,0
5269,simple,9147,0
5270,simple,106160,0
5271,simple,10195,0
5272,simple,3821,0
5273,simple,9926,0
5274,simple,4013,0
5275,simple,3990,0
5276,simple,9353,0
5277,simple,4026,0
5278,simple,4028,0
5279,simple,9752,0
5280,simple,105844,0
5281,simple,4023,0
5282,simple,4017,0
5283,simple,4007,0
5284,simple,9667,0
5285,simple,9148,0
5286,simple,10230,0
5287,simple,10465,0
5288,simple,3824,0
5289,simple,9354,0
5290,simple,9145,0
5291,simple,4011,0
5292,simple,7111,0
5293,simple,9361,0
5294,simple,9860,0
5295,simple,106719,0
5296,simple,3826,0
5297,simple,9150,0
5298,simple,106748,0
5299,simple,9579,0
5300,simple,9759,0
5301,simple,105569,0
5302,simple,105685,0
5303,simple,107037,0
5304,simple,3831,0
5305,simple,10196,0
5306,simple,10525,0
5307,simple,9669,0
5308,simple,9254,0
5309,simple,9760,0
5310,simple,9761,0
5311,simple,9833,0
5312,simple,10197,0
5313,simple,9204,0
5314,simple,9205,0
5315,simple,9664,0
5316,simple,9665,0
5317,simple,9248,0
5318,simple,9355,0
5319,simple,3832,0
5320,simple,3940,0
5321,simple,7609,0
5322,simple,9527,0
5323,simple,9255,0
5324,simple,3921,0
5325,simple,9762,0
5326,simple,10098,0
5327,simple,105559,0
5328,simple,9362,0
5329,simple,10527,0
5330,simple,3930,0
5331,simple,10099,0
5332,simple,106162,0
5333,simple,3834,0
5334,simple,10232,0
5335,simple,3835,0
5336,simple,3991,0
5337,simple,8174,0
5338,simple,8017,0
5339,simple,4030,0
5340,simple,3922,0
5341,simple,106690,0
5342,simple,3838,0
5343,simple,4025,0
5344,simple,3948,0
5345,simple,9363,0
5346,simple,3958,0
5347,simple,9765,0
5348,simple,9251,0
5349,simple,4002,0
5350,simple,106458,0
5351,simple,3962,0
5352,simple,105793,0
5353,simple,106472,0
5354,simple,10069,0
5355,simple,3842,0
5356,simple,3963,0
5357,simple,4018,0
5358,simple,9755,0
5359,simple,10554,0
5360,simple,106362,0
5361,simple,9834,0
5362,simple,3964,0
5363,simple,10528,0
5364,simple,106423,0
5365,simple,106424,0
5366,simple,9637,0
5367,simple,107106,0
5368,simple,105686,0
5369,simple,4043,0
5370,simple,4042,0
5371,simple,105688,0
5372,simple,9552,0
5373,simple,105687,0
5374,simple,4048,0
5375,simple,4038,0
5376,simple,105689,0
5377,simple,105691,0
5378,simple,9106,0
5379,simple,105690,0
5380,simple,9554,0
5381,simple,105570,0
5382,simple,10198,0
5383,simple,105692,0
5384,simple,105694,0
5385,simple,105693,0
5386,simple,4036,0
5387,simple,9108,0
5388,simple,4033,0
5389,simple,105695,0
5390,simple,107038,0
5391,simple,9931,0
5392,simple,105697,0
5393,simple,105696,0
5394,simple,9719,0
5395,simple,9718,0
5396,simple,105698,0
5397,simple,9641,0
5398,simple,9110,0
5399,simple,4019,0
5400,simple,9209,0
5401,simple,9642,0
5402,simple,9111,0
5403,simple,9556,0
5404,simple,4003,0
5405,simple,3999,0
5406,simple,4008,0
5407,simple,9112,0
5408,simple,7334,0
5409,simple,105700,0
5410,simple,9661,0
5411,simple,105699,0
5412,simple,9113,0
5413,simple,3845,0
5414,simple,9210,0
5415,simple,105701,0
5416,simple,10071,0
5417,simple,105702,0
5418,simple,9114,0
5419,simple,9161,0
5420,simple,105703,0
5421,simple,9557,0
5422,simple,9558,0
5423,simple,105794,0
5424,simple,10556,0
5425,simple,10557,0
5426,simple,9211,0
5427,simple,9824,0
5428,simple,10159,0
5429,simple,9033,0
5430,simple,106418,0
5431,simple,10558,0
5432,simple,105571,0
5433,simple,105705,0
5434,simple,9559,0
5435,simple,10559,0
5436,simple,4040,0
5437,simple,9825,0
5438,simple,9643,0
5439,simple,4046,0
5440,simple,9333,0
5441,simple,9213,0
5442,simple,4050,0
5443,simple,4047,0
5444,simple,4051,0
5445,simple,3850,0
5446,simple,9874,0
5447,simple,9214,0
5448,simple,9115,0
5449,simple,105706,0
5450,simple,8095,0
5451,simple,9116,0
5452,simple,4034,0
5453,simple,9117,0
5454,simple,7195,0
5455,simple,3949,0
5456,simple,4004,0
5457,simple,9120,0
5458,simple,4005,0
5459,simple,9215,0
5460,simple,4015,0
5461,simple,3978,0
5462,simple,9121,0
5463,simple,9933,0
5464,simple,105707,0
5465,simple,9122,0
5466,simple,9935,0
5467,simple,3965,0
5468,simple,3966,0
5469,simple,9124,0
5470,simple,9123,0
5471,simple,9216,0
5472,simple,106715,0
5473,simple,105708,0
5474,simple,9125,0
5475,simple,105709,0
5476,simple,10199,0
5477,simple,105755,0
5478,simple,106716,0
5479,simple,105711,0
5480,simple,105712,0
5481,simple,10200,0
5482,simple,10073,0
5483,simple,10075,0
5484,simple,106741,0
5485,simple,106742,0
5486,simple,106448,0
5487,simple,9714,0
5488,simple,107039,0
5489,simple,8382,0
5490,simple,9724,0
5491,simple,7801,0
5492,simple,9126,0
5493,simple,105714,0
5494,simple,9647,0
5495,simple,105713,0
5496,simple,9217,0
5497,simple,8094,0
5498,simple,105716,0
5499,simple,105715,0
5500,simple,105573,0
5501,simple,3924,0
5502,simple,9939,0
5503,simple,9219,0
5504,simple,4045,0
5505,simple,9649,0
5506,simple,9127,0
5507,simple,4039,0
5508,simple,7215,0
5509,simple,9839,0
5510,simple,4035,0
5511,simple,9650,0
5512,simple,9840,0
5513,simple,9337,0
5514,simple,3856,0
5515,simple,7216,0
5516,simple,3989,0
5517,simple,105717,0
5518,simple,9129,0
5519,simple,3858,0
5520,simple,4037,0
5521,simple,9941,0
5522,simple,9565,0
5523,simple,105718,0
5524,simple,10201,0
5525,simple,4031,0
5526,simple,4016,0
5527,simple,9792,0
5528,simple,7344,0
5529,simple,3969,0
5530,simple,9222,0
5531,simple,4027,0
5532,simple,9338,0
5533,simple,4006,0
5534,simple,106677,0
5535,simple,3860,0
5536,simple,3993,0
5537,simple,9566,0
5538,simple,10202,0
5539,simple,10562,0
5540,simple,9130,0
5541,simple,9223,0
5542,simple,9131,0
5543,simple,106348,0
5544,simple,10162,0
5545,simple,3970,0
5546,simple,9340,0
5547,simple,10563,0
5548,simple,106021,0
5549,simple,9944,0
5550,simple,9132,0
5551,simple,3950,0
5552,simple,9341,0
5553,simple,10204,0
5554,simple,9225,0
5555,simple,3945,0
5556,simple,106449,0
5557,simple,9133,0
5558,simple,3951,0
5559,simple,7351,0
5560,simple,105722,0
5561,simple,105720,0
5562,simple,9226,0
5563,simple,10205,0
5564,simple,105721,0
5565,simple,9228,0
5566,simple,9568,0
5567,simple,9227,0
5568,simple,10080,0
5569,simple,10081,0
5570,simple,10163,0
5571,simple,10082,0
5572,simple,107040,0
5573,simple,10529,0
5574,simple,106743,0
5575,simple,106450,0
5576,simple,105723,0
5577,simple,3867,0
5578,simple,106038,0
5579,simple,105795,0
5580,simple,9977,0
5581,simple,105803,0
5582,simple,9670,0
5583,simple,8096,0
5584,simple,9729,0
5585,simple,3952,0
5586,simple,7380,0
5587,simple,4014,0
5588,simple,9978,0
5589,simple,9715,0
5590,simple,9730,0
5591,simple,105796,0
5592,simple,106744,0
5593,simple,105888,0
5594,simple,9731,0
5595,simple,105797,0
5596,simple,9232,0
5597,simple,3870,0
5598,simple,3871,0
5599,simple,106154,0
5600,simple,9252,0
5601,simple,106157,0
5602,simple,3873,0
5603,simple,9134,0
5604,simple,9946,0
5605,simple,9733,0
5606,simple,10564,0
5607,simple,9947,0
5608,simple,105804,0
5609,simple,9948,0
5610,simple,9734,0
5611,simple,9950,0
5612,simple,9735,0
5613,simple,106451,0
5614,simple,9651,0
5615,simple,9736,0
5616,simple,106452,0
5617,simple,9951,0
5618,simple,105798,0
5619,simple,9952,0
5620,simple,10521,0
5621,simple,106349,0
5622,simple,9738,0
5623,simple,105724,0
5624,simple,10083,0
5625,simple,9365,0
5626,simple,3876,0
5627,simple,3877,0
5628,simple,106029,0
5629,simple,10155,0
5630,simple,3878,0
5631,simple,106745,0
5632,simple,3879,0
5633,simple,106425,0
5634,simple,9975,0
5635,simple,9574,0
5636,simple,106420,0
5637,simple,106457,0
5638,simple,9356,0
5639,simple,106156,0
5640,simple,9716,0
5641,simple,9326,0
5642,simple,3881,0
5643,simple,3880,0
5644,simple,3959,0
5645,simple,3933,0
5646,simple,106678,0
5647,simple,3882,0
5648,simple,9191,0
5649,simple,3994,0
5650,simple,9686,0
5651,simple,8011,0
5652,simple,9925,0
5653,simple,3934,0
5654,simple,9102,0
5655,simple,4010,0
5656,simple,9103,0
5657,simple,9193,0
5658,simple,9104,0
5659,simple,4024,0
5660,simple,106023,0
5661,simple,9518,0
5662,simple,3957,0
5663,simple,10530,0
5664,simple,106680,0
5665,simple,106681,0
5666,simple,106682,0
5667,simple,10581,0
5668,simple,10157,0
5669,simple,10206,0
5670,simple,10207,0
5671,simple,10208,0
5672,simple,10209,0
5673,simple,10210,0
5674,simple,10582,0
5675,simple,10583,0
5676,simple,10584,0
5677,simple,10585,0
5678,simple,10586,0
5679,simple,10211,0
5680,simple,10587,0
5681,simple,10212,0
5682,simple,10213,0
5683,simple,10588,0
5684,simple,3935,0
5685,simple,107051,0
5686,simple,105891,0
5687,simple,9357,0
5688,simple,9358,0
5689,simple,106039,0
5690,simple,9359,0
5691,simple,107041,0
5692,simple,3941,0
5693,simple,9135,0
5694,simple,3892,0
5695,simple,106350,0
5696,simple,105638,0
5697,simple,9656,0
5698,simple,105574,0
5699,simple,10194,0
5700,simple,3896,0
5701,simple,10215,0
5702,simple,106351,0
5703,simple,10565,0
5704,simple,3899,0
5705,simple,9233,0
5706,simple,9741,0
5707,simple,107107,0
5708,simple,106024,0
5709,simple,106352,0
5710,simple,105639,0
5711,simple,9744,0
5712,simple,3903,0
5713,simple,106353,0
5714,simple,10084,0
5715,simple,107108,0
5716,simple,105640,0
5717,simple,9826,0
5718,simple,105641,0
5719,simple,106192,0
5720,simple,106151,0
5721,simple,9234,0
5722,simple,106152,0
5723,simple,3907,0
5724,simple,105642,0
5725,simple,9745,0
5726,simple,105643,0
5727,simple,9827,0
5728,simple,106025,0
5729,simple,9342,0
5730,simple,9657,0
5731,simple,9871,0
5732,simple,105644,0
5733,simple,106026,0
5734,simple,105645,0
5735,simple,106354,0
5736,simple,105575,0
5737,simple,107042,0
5738,simple,9746,0
5739,simple,9140,0
5740,simple,9141,0
5741,simple,3979,0
5742,simple,105756,0
5743,simple,106355,0
5744,simple,10146,0
5745,simple,3936,0
5746,simple,9953,0
5747,simple,9747,0
5748,simple,9571,0
5749,simple,106356,0
5750,simple,9572,0
5751,simple,105576,0
5752,simple,10523,0
5753,simple,9137,0
5754,simple,105568,0
5755,simple,3987,0
5756,simple,4020,0
5757,simple,3998,0
5758,simple,3973,0
5759,simple,3974,0
5760,simple,4022,0
5761,simple,106679,0
5762,simple,4000,0
5763,simple,3980,0
5764,simple,3982,0
5765,simple,3995,0
5766,simple,3968,0
5767,simple,105562,0
5768,simple,3981,0
5769,simple,9550,0
5770,simple,3971,0
5771,simple,9194,0
5772,simple,8968,0
5773,simple,3997,0
5774,simple,9635,0
5775,simple,9105,0
5776,simple,3947,0
5777,simple,9663,0
5778,simple,105648,0
5779,simple,10227,0
5780,simple,106359,0
5781,simple,106363,0
5782,simple,10522,0
5783,simple,107049,0
5784,simple,106159,0
5785,simple,3915,0
5786,simple,4052,0
5787,simple,10571,0
5788,simple,10570,0
5789,simple,3975,0
5790,simple,3918,0
5791,simple,10145,0
5792,simple,105579,0
5793,simple,3919,0
5794,simple,106030,0
5795,simple,106031,0
5796,simple,106165,0
5797,simple,106166,0
5798,simple,106167,0
5799,simple,106035,0
5800,simple,106168,0
5801,simple,107053,0
5802,simple,9739,0
5803,simple,106365,0
5804,simple,107052,0
5805,simple,106713,0
5806,simple,106169,0
5807,simple,9740,0
5808,simple,106171,0
5809,simple,106172,0
5810,simple,106174,0
5811,simple,106366,0
5812,simple,8191,0
5813,simple,106367,0
5814,simple,106176,0
5815,simple,106369,0
5816,simple,106516,0
5817,simple,106178,0
5818,simple,106179,0
5819,simple,106180,0
5820,simple,106181,0
5821,simple,106182,0
7303,simple,986,0
7304,simple,1045,0
7305,simple,1055,0
7306,simple,1083,0
7307,simple,1062,0
7308,simple,1082,0
7309,simple,910,0
7310,simple,1021,0
7311,simple,950,0
7312,simple,1106,0
7313,simple,1020,0
7314,simple,918,0
7315,simple,1104,0
7316,simple,940,0
7317,simple,749,0
7318,simple,1449,0
7319,simple,892,0
7320,simple,956,0
7321,simple,1050,0
7322,simple,1095,0
7323,simple,1108,0
7324,simple,1126,0
7325,simple,919,0
7326,simple,1114,0
7327,simple,106411,0
7328,simple,1081,0
7329,simple,1073,0
7330,simple,105986,0
7331,simple,8120,0
7332,simple,1035,0
7333,simple,310,0
7334,simple,1111,0
7335,simple,1304,0
7336,simple,1046,0
7337,simple,1077,0
7338,simple,988,0
7339,simple,1022,0
7340,simple,882,0
7341,simple,1078,0
7342,simple,408,0
7343,simple,7875,0
7344,simple,6850,0
7345,simple,1024,0
7346,simple,1107,0
7347,simple,920,0
7348,simple,1101,0
7349,simple,1755,0
7350,simple,991,0
7351,simple,1100,0
7352,simple,1093,0
7353,simple,1072,0
7354,simple,893,0
7355,simple,897,0
7356,simple,976,0
7357,simple,1036,0
7358,simple,1112,0
7359,simple,1038,0
7360,simple,1009,0
7361,simple,941,0
7362,simple,1003,0
7363,simple,721,0
7364,simple,38,0
7365,simple,1025,0
7366,simple,1023,0
7367,simple,311,0
7368,simple,1316,0
7369,simple,1250,0
7370,simple,286,0
7371,simple,391,0
7372,simple,1311,0
7373,simple,106,0
7374,simple,388,0
7375,simple,1340,0
7376,simple,1261,0
7377,simple,226,0
7378,simple,1281,0
7379,simple,400,0
7380,simple,389,0
7381,simple,84,0
7382,simple,284,0
7383,simple,409,0
7384,simple,1330,0
7385,simple,584,0
7386,simple,135,0
7387,simple,1317,0
7388,simple,235,0
7389,simple,564,0
7390,simple,246,0
7391,simple,184,0
7392,simple,1244,0
7393,simple,242,0
7394,simple,292,0
7395,simple,410,0
7396,simple,236,0
7397,simple,553,0
7398,simple,243,0
7399,simple,180,0
7400,simple,178,0
7401,simple,668,0
7402,simple,282,0
7403,simple,255,0
7404,simple,29,0
7405,simple,472,0
7406,simple,592,0
7407,simple,293,0
7408,simple,580,0
7409,simple,514,0
7410,simple,129,0
7411,simple,483,0
7412,simple,93,0
7413,simple,574,0
7414,simple,283,0
7415,simple,565,0
7416,simple,159,0
7417,simple,130,0
7418,simple,18,0
7419,simple,609,0
7420,simple,58,0
7421,simple,315,0
7422,simple,206,0
7423,simple,368,0
7424,simple,39,0
7425,simple,610,0
7426,simple,737,0
7427,simple,358,0
7428,simple,377,0
7429,simple,151,0
7430,simple,139,0
7431,simple,73,0
7432,simple,269,0
7433,simple,705,0
7434,simple,305,0
7435,simple,220,0
7436,simple,319,0
7437,simple,765,0
7438,simple,1258,0
7439,simple,198,0
7440,simple,306,0
7441,simple,382,0
7442,simple,411,0
7443,simple,249,0
7444,simple,302,0
7445,simple,383,0
7446,simple,227,0
7447,simple,258,0
7448,simple,1681,0
7449,simple,735,0
7450,simple,355,0
7451,simple,412,0
7452,simple,669,0
7453,simple,655,0
7454,simple,373,0
7455,simple,413,0
7456,simple,19,0
7457,simple,656,0
7458,simple,215,0
7459,simple,59,0
7460,simple,1240,0
7461,simple,50,0
7462,simple,1313,0
7463,simple,497,0
7464,simple,188,0
7465,simple,593,0
7466,simple,404,0
7467,simple,42,0
7468,simple,94,0
7469,simple,575,0
7470,simple,1123,0
7471,simple,912,0
7472,simple,1282,0
7473,simple,1065,0
7474,simple,1067,0
7475,simple,1079,0
7476,simple,1040,0
7477,simple,1105,0
7478,simple,1102,0
7479,simple,1090,0
7480,simple,1084,0
7481,simple,764,0
7482,simple,1064,0
7483,simple,1080,0
7484,simple,978,0
7485,simple,1015,0
7486,simple,902,0
7487,simple,984,0
7488,simple,1052,0
7489,simple,927,0
7490,simple,1071,0
7491,simple,951,0
7492,simple,1018,0
7493,simple,1056,0
7494,simple,992,0
7495,simple,10457,0
7496,simple,943,0
7497,simple,1068,0
7498,simple,7150,0
7499,simple,993,0
7500,simple,1010,0
7501,simple,989,0
7502,simple,105987,0
7503,simple,1345,0
7504,simple,899,0
7505,simple,1074,0
7506,simple,770,0
7507,simple,8048,0
7508,simple,1042,0
7509,simple,1075,0
7510,simple,105778,0
7511,simple,7434,0
7512,simple,10118,0
7513,simple,106341,0
7514,simple,312,0
7515,simple,1646,0
7516,simple,1245,0
7517,simple,265,0
7518,simple,290,0
7519,simple,185,0
7520,simple,604,0
7521,simple,657,0
7522,simple,390,0
7523,simple,686,0
7524,simple,270,0
7525,simple,501,0
7526,simple,9380,0
7527,simple,498,0
7528,simple,9381,0
7529,simple,107,0
7530,simple,576,0
7531,simple,1275,0
7532,simple,1272,0
7533,simple,1248,0
7534,simple,60,0
7535,simple,384,0
7536,simple,670,0
7537,simple,163,0
7538,simple,14,0
7539,simple,189,0
7540,simple,1292,0
7541,simple,369,0
7542,simple,1320,0
7543,simple,8897,0
7544,simple,160,0
7545,simple,493,0
7546,simple,543,0
7547,simple,213,0
7548,simple,1371,0
7549,simple,1672,0
7550,simple,1299,0
7551,simple,1246,0
7552,simple,8895,0
7553,simple,323,0
7554,simple,863,0
7555,simple,1237,0
7556,simple,1361,0
7557,simple,239,0
7558,simple,385,0
7559,simple,1273,0
7560,simple,405,0
7561,simple,1366,0
7562,simple,259,0
7563,simple,864,0
7564,simple,480,0
7565,simple,250,0
7566,simple,1370,0
7567,simple,271,0
7568,simple,488,0
7569,simple,122,0
7570,simple,671,0
7571,simple,658,0
7572,simple,119,0
7573,simple,9078,0
7574,simple,230,0
7575,simple,1604,0
7576,simple,181,0
7577,simple,295,0
7578,simple,161,0
7579,simple,131,0
7580,simple,1392,0
7581,simple,253,0
7582,simple,585,0
7583,simple,5,0
7584,simple,1265,0
7585,simple,33,0
7586,simple,136,0
7587,simple,378,0
7588,simple,1289,0
7589,simple,247,0
7590,simple,51,0
7591,simple,1350,0
7592,simple,659,0
7593,simple,85,0
7594,simple,473,0
7595,simple,672,0
7596,simple,64,0
7597,simple,535,0
7598,simple,277,0
7599,simple,582,0
7600,simple,611,0
7601,simple,140,0
7602,simple,1305,0
7603,simple,61,0
7604,simple,594,0
7605,simple,620,0
7606,simple,30,0
7607,simple,78,0
7608,simple,612,0
7609,simple,152,0
7610,simple,8269,0
7611,simple,65,0
7612,simple,660,0
7613,simple,120,0
7614,simple,621,0
7615,simple,169,0
7616,simple,351,0
7617,simple,207,0
7618,simple,515,0
7619,simple,106656,0
7620,simple,499,0
7621,simple,34,0
7622,simple,106655,0
7623,simple,613,0
7624,simple,164,0
7625,simple,98,0
7626,simple,503,0
7627,simple,272,0
7628,simple,335,0
7629,simple,622,0
7630,simple,1440,0
7631,simple,62,0
7632,simple,734,0
7633,simple,1367,0
7634,simple,536,0
7635,simple,132,0
7636,simple,216,0
7637,simple,318,0
7638,simple,141,0
7639,simple,20,0
7640,simple,223,0
7641,simple,836,0
7642,simple,79,0
7643,simple,203,0
7644,simple,852,0
7645,simple,1262,0
7646,simple,851,0
7647,simple,849,0
7648,simple,850,0
7649,simple,372,0
7650,simple,756,0
7651,simple,417,0
7652,simple,8118,0
7653,simple,1381,0
7654,simple,732,0
7655,simple,833,0
7656,simple,1389,0
7657,simple,291,0
7658,simple,9080,0
7659,simple,347,0
7660,simple,52,0
7661,simple,1375,0
7662,simple,724,0
7663,simple,1401,0
7664,simple,631,0
7665,simple,990,0
7666,simple,957,0
7667,simple,1098,0
7668,simple,1011,0
7669,simple,696,0
7670,simple,1099,0
7671,simple,1063,0
7672,simple,1047,0
7673,simple,1069,0
7674,simple,1026,0
7675,simple,971,0
7676,simple,1121,0
7677,simple,418,0
7678,simple,952,0
7679,simple,1019,0
7680,simple,1033,0
7681,simple,1336,0
7682,simple,1016,0
7683,simple,980,0
7684,simple,8953,0
7685,simple,914,0
7686,simple,972,0
7687,simple,1007,0
7688,simple,170,0
7689,simple,953,0
7690,simple,885,0
7691,simple,105586,0
7692,simple,1092,0
7693,simple,1118,0
7694,simple,1087,0
7695,simple,1116,0
7696,simple,1037,0
7697,simple,994,0
7698,simple,958,0
7699,simple,963,0
7700,simple,7151,0
7701,simple,1122,0
7702,simple,1048,0
7703,simple,1058,0
7704,simple,1004,0
7705,simple,1043,0
7706,simple,1120,0
7707,simple,1115,0
7708,simple,1031,0
7709,simple,985,0
7710,simple,900,0
7711,simple,1096,0
7712,simple,1249,0
7713,simple,666,0
7714,simple,386,0
7715,simple,461,0
7716,simple,1321,0
7717,simple,53,0
7718,simple,1343,0
7719,simple,394,0
7720,simple,359,0
7721,simple,1673,0
7722,simple,1300,0
7723,simple,1338,0
7724,simple,1380,0
7725,simple,237,0
7726,simple,1395,0
7727,simple,287,0
7728,simple,1379,0
7729,simple,248,0
7730,simple,1397,0
7731,simple,21,0
7732,simple,1315,0
7733,simple,35,0
7734,simple,1357,0
7735,simple,22,0
7736,simple,810,0
7737,simple,1276,0
7738,simple,549,0
7739,simple,23,0
7740,simple,1351,0
7741,simple,1390,0
7742,simple,7077,0
7743,simple,133,0
7744,simple,586,0
7745,simple,555,0
7746,simple,1296,0
7747,simple,338,0
7748,simple,1384,0
7749,simple,254,0
7750,simple,1378,0
7751,simple,462,0
7752,simple,146,0
7753,simple,1372,0
7754,simple,558,0
7755,simple,348,0
7756,simple,504,0
7757,simple,1327,0
7758,simple,54,0
7759,simple,8146,0
7760,simple,1323,0
7761,simple,7,0
7762,simple,1277,0
7763,simple,661,0
7764,simple,349,0
7765,simple,567,0
7766,simple,673,0
7767,simple,339,0
7768,simple,419,0
7769,simple,31,0
7770,simple,9079,0
7771,simple,489,0
7772,simple,623,0
7773,simple,256,0
7774,simple,199,0
7775,simple,1291,0
7776,simple,1500,0
7777,simple,401,0
7778,simple,1690,0
7779,simple,407,0
7780,simple,1354,0
7781,simple,1501,0
7782,simple,568,0
7783,simple,370,0
7784,simple,99,0
7785,simple,1285,0
7786,simple,420,0
7787,simple,1264,0
7788,simple,697,0
7789,simple,839,0
7790,simple,632,0
7791,simple,1577,0
7792,simple,200,0
7793,simple,822,0
7794,simple,1306,0
7795,simple,736,0
7796,simple,1319,0
7797,simple,861,0
7798,simple,824,0
7799,simple,392,0
7800,simple,875,0
7801,simple,307,0
7802,simple,727,0
7803,simple,66,0
7804,simple,1349,0
7805,simple,713,0
7806,simple,336,0
7807,simple,872,0
7808,simple,1386,0
7809,simple,876,0
7810,simple,1325,0
7811,simple,1346,0
7812,simple,769,0
7813,simple,240,0
7814,simple,1746,0
7815,simple,662,0
7816,simple,43,0
7817,simple,8147,0
7818,simple,1352,0
7819,simple,1606,0
7820,simple,1369,0
7821,simple,708,0
7822,simple,231,0
7823,simple,710,0
7824,simple,1278,0
7825,simple,1339,0
7826,simple,569,0
7827,simple,8148,0
7828,simple,537,0
7829,simple,1284,0
7830,simple,516,0
7831,simple,825,0
7832,simple,363,0
7833,simple,121,0
7834,simple,113,0
7835,simple,8179,0
7836,simple,1328,0
7837,simple,1374,0
7838,simple,8149,0
7839,simple,633,0
7840,simple,1303,0
7841,simple,86,0
7842,simple,1342,0
7843,simple,8975,0
7844,simple,1247,0
7845,simple,1485,0
7846,simple,1307,0
7847,simple,1724,0
7848,simple,6889,0
7849,simple,105977,0
7850,simple,221,0
7851,simple,1255,0
7852,simple,848,0
7853,simple,826,0
7854,simple,1359,0
7855,simple,744,0
7856,simple,596,0
7857,simple,346,0
7858,simple,614,0
7859,simple,834,0
7860,simple,1279,0
7861,simple,1337,0
7862,simple,360,0
7863,simple,667,0
7864,simple,541,0
7865,simple,105975,0
7866,simple,340,0
7867,simple,123,0
7868,simple,556,0
7869,simple,341,0
7870,simple,853,0
7871,simple,278,0
7872,simple,324,0
7873,simple,1251,0
7874,simple,105976,0
7875,simple,527,0
7876,simple,1293,0
7877,simple,87,0
7878,simple,8150,0
7879,simple,266,0
7880,simple,44,0
7881,simple,8153,0
7882,simple,1238,0
7883,simple,308,0
7884,simple,105978,0
7885,simple,364,0
7886,simple,105980,0
7887,simple,8151,0
7888,simple,463,0
7889,simple,105981,0
7890,simple,279,0
7891,simple,8154,0
7892,simple,105979,0
7893,simple,162,0
7894,simple,8155,0
7895,simple,238,0
7896,simple,105982,0
7897,simple,63,0
7898,simple,15,0
7899,simple,8157,0
7900,simple,88,0
7901,simple,350,0
7902,simple,100,0
7903,simple,812,0
7904,simple,36,0
7905,simple,114,0
7906,simple,674,0
7907,simple,598,0
7908,simple,45,0
7909,simple,165,0
7910,simple,313,0
7911,simple,8247,0
7912,simple,365,0
7913,simple,806,0
7914,simple,605,0
7915,simple,320,0
7916,simple,379,0
7917,simple,89,0
7918,simple,550,0
7919,simple,505,0
7920,simple,74,0
7921,simple,639,0
7922,simple,615,0
7923,simple,813,0
7924,simple,182,0
7925,simple,8976,0
7926,simple,587,0
7927,simple,546,0
7928,simple,506,0
7929,simple,24,0
7930,simple,80,0
7931,simple,675,0
7932,simple,865,0
7933,simple,8047,0
7934,simple,663,0
7935,simple,101,0
7936,simple,814,0
7937,simple,691,0
7938,simple,171,0
7939,simple,304,0
7940,simple,1622,0
7941,simple,106139,0
7942,simple,726,0
7943,simple,651,0
7944,simple,421,0
7945,simple,251,0
7946,simple,702,0
7947,simple,521,0
7948,simple,1731,0
7949,simple,193,0
7950,simple,1674,0
7951,simple,40,0
7952,simple,1647,0
7953,simple,1268,0
7954,simple,1756,0
7955,simple,557,0
7956,simple,124,0
7957,simple,1660,0
7958,simple,316,0
7959,simple,1592,0
7960,simple,1263,0
7961,simple,1324,0
7962,simple,559,0
7963,simple,528,0
7964,simple,1039,0
7965,simple,1032,0
7966,simple,1113,0
7967,simple,1051,0
7968,simple,1089,0
7969,simple,1000,0
7970,simple,954,0
7971,simple,964,0
7972,simple,921,0
7973,simple,997,0
7974,simple,894,0
7975,simple,944,0
7976,simple,1001,0
7977,simple,1565,0
7978,simple,1053,0
7979,simple,1049,0
7980,simple,1109,0
7981,simple,959,0
7982,simple,7874,0
7983,simple,105995,0
7984,simple,1005,0
7985,simple,1027,0
7986,simple,7045,0
7987,simple,262,0
7988,simple,1054,0
7989,simple,529,0
7990,simple,1454,0
7991,simple,1661,0
7992,simple,577,0
7993,simple,507,0
7994,simple,508,0
7995,simple,538,0
7996,simple,1708,0
7997,simple,542,0
7998,simple,560,0
7999,simple,147,0
8000,simple,530,0
8001,simple,583,0
8002,simple,599,0
8003,simple,1502,0
8004,simple,25,0
8005,simple,681,0
8006,simple,55,0
8007,simple,1503,0
8008,simple,634,0
8009,simple,1760,0
8010,simple,422,0
8011,simple,153,0
8012,simple,547,0
8013,simple,694,0
8014,simple,67,0
8015,simple,640,0
8016,simple,106657,0
8017,simple,299,0
8018,simple,76,0
8019,simple,1504,0
8020,simple,485,0
8021,simple,1546,0
8022,simple,862,0
8023,simple,606,0
8024,simple,1297,0
8025,simple,9319,0
8026,simple,522,0
8027,simple,827,0
8028,simple,8973,0
8029,simple,1241,0
8030,simple,8114,0
8031,simple,1648,0
8032,simple,354,0
8033,simple,855,0
8034,simple,280,0
8035,simple,867,0
8036,simple,570,0
8037,simple,125,0
8038,simple,1360,0
8039,simple,474,0
8040,simple,208,0
8041,simple,820,0
8042,simple,232,0
8043,simple,325,0
8044,simple,478,0
8045,simple,7863,0
8046,simple,380,0
8047,simple,190,0
8048,simple,423,0
8049,simple,1373,0
8050,simple,1242,0
8051,simple,1308,0
8052,simple,183,0
8053,simple,424,0
8054,simple,1280,0
8055,simple,1301,0
8056,simple,1365,0
8057,simple,1314,0
8058,simple,1326,0
8059,simple,1394,0
8060,simple,1388,0
8061,simple,1287,0
8062,simple,1393,0
8063,simple,137,0
8064,simple,1385,0
8065,simple,1377,0
8066,simple,366,0
8067,simple,81,0
8068,simple,1331,0
8069,simple,374,0
8070,simple,406,0
8071,simple,7148,0
8072,simple,1259,0
8073,simple,1363,0
8074,simple,274,0
8075,simple,102,0
8076,simple,337,0
8077,simple,1239,0
8078,simple,326,0
8079,simple,327,0
8080,simple,494,0
8081,simple,46,0
8082,simple,103,0
8083,simple,509,0
8084,simple,617,0
8085,simple,371,0
8086,simple,321,0
8087,simple,641,0
8088,simple,8313,0
8089,simple,624,0
8090,simple,523,0
8091,simple,69,0
8092,simple,217,0
8093,simple,328,0
8094,simple,367,0
8095,simple,37,0
8096,simple,1252,0
8097,simple,1269,0
8098,simple,263,0
8099,simple,823,0
8100,simple,1358,0
8101,simple,1355,0
8102,simple,397,0
8103,simple,486,0
8104,simple,105991,0
8105,simple,275,0
8106,simple,90,0
8107,simple,257,0
8108,simple,244,0
8109,simple,376,0
8110,simple,487,0
8111,simple,194,0
8112,simple,1332,0
8113,simple,1347,0
8114,simple,82,0
8115,simple,108,0
8116,simple,218,0
8117,simple,41,0
8118,simple,11,0
8119,simple,395,0
8120,simple,214,0
8121,simple,56,0
8122,simple,309,0
8123,simple,201,0
8124,simple,47,0
8125,simple,1356,0
8126,simple,314,0
8127,simple,245,0
8128,simple,578,0
8129,simple,12,0
8130,simple,154,0
8131,simple,115,0
8132,simple,195,0
8133,simple,532,0
8134,simple,1298,0
8135,simple,1335,0
8136,simple,209,0
8137,simple,490,0
8138,simple,381,0
8139,simple,652,0
8140,simple,706,0
8141,simple,588,0
8142,simple,635,0
8143,simple,142,0
8144,simple,260,0
8145,simple,742,0
8146,simple,7422,0
8147,simple,475,0
8148,simple,857,0
8149,simple,858,0
8150,simple,427,0
8151,simple,7869,0
8152,simple,618,0
8153,simple,7870,0
8154,simple,895,0
8155,simple,915,0
8156,simple,922,0
8157,simple,1505,0
8158,simple,928,0
8159,simple,929,0
8160,simple,886,0
8161,simple,923,0
8162,simple,1699,0
8163,simple,924,0
8164,simple,981,0
8165,simple,1070,0
8166,simple,945,0
8167,simple,8275,0
8168,simple,907,0
8169,simple,888,0
8170,simple,946,0
8171,simple,903,0
8172,simple,965,0
8173,simple,9372,0
8174,simple,1506,0
8175,simple,511,0
8176,simple,8246,0
8177,simple,799,0
8178,simple,143,0
8179,simple,539,0
8180,simple,533,0
8181,simple,116,0
8182,simple,202,0
8183,simple,779,0
8184,simple,625,0
8185,simple,13,0
8186,simple,344,0
8187,simple,7087,0
8188,simple,807,0
8189,simple,204,0
8190,simple,512,0
8191,simple,642,0
8192,simple,105581,0
8193,simple,155,0
8194,simple,173,0
8195,simple,643,0
8196,simple,387,0
8197,simple,600,0
8198,simple,644,0
8199,simple,794,0
8200,simple,1391,0
8201,simple,210,0
8202,simple,288,0
8203,simple,317,0
8204,simple,267,0
8205,simple,7088,0
8206,simple,626,0
8207,simple,524,0
8208,simple,228,0
8209,simple,561,0
8210,simple,191,0
8211,simple,174,0
8212,simple,590,0
8213,simple,222,0
8214,simple,428,0
8215,simple,10549,0
8216,simple,1649,0
8217,simple,294,0
8218,simple,859,0
8219,simple,1432,0
8220,simple,860,0
8221,simple,106528,0
8222,simple,9371,0
8223,simple,960,0
8224,simple,973,0
8225,simple,947,0
8226,simple,916,0
8227,simple,995,0
8228,simple,930,0
8229,simple,966,0
8230,simple,1403,0
8231,simple,1433,0
8232,simple,1630,0
8233,simple,925,0
8234,simple,908,0
8235,simple,8435,0
8236,simple,1434,0
8237,simple,1666,0
8238,simple,1528,0
8239,simple,1507,0
8240,simple,1455,0
8241,simple,1682,0
8242,simple,1566,0
8243,simple,1761,0
8244,simple,1711,0
8245,simple,1769,0
8246,simple,1736,0
8247,simple,803,0
8248,simple,1405,0
8249,simple,692,0
8250,simple,1450,0
8251,simple,699,0
8252,simple,1435,0
8253,simple,1675,0
8254,simple,1487,0
8255,simple,1650,0
8256,simple,1547,0
8257,simple,1509,0
8258,simple,1712,0
8259,simple,1683,0
8260,simple,1747,0
8261,simple,104,0
8262,simple,1436,0
8263,simple,1529,0
8264,simple,1593,0
8265,simple,1713,0
8266,simple,1477,0
8267,simple,773,0
8268,simple,8436,0
8269,simple,1548,0
8270,simple,1488,0
8271,simple,1530,0
8272,simple,1737,0
8273,simple,1467,0
8274,simple,1623,0
8275,simple,1510,0
8276,simple,9793,0
8277,simple,7044,0
8278,simple,982,0
8279,simple,913,0
8280,simple,961,0
8281,simple,1426,0
8282,simple,1437,0
8283,simple,917,0
8284,simple,763,0
8285,simple,698,0
8286,simple,1607,0
8287,simple,714,0
8288,simple,1294,0
8289,simple,1691,0
8290,simple,703,0
8291,simple,745,0
8292,simple,767,0
8293,simple,751,0
8294,simple,1754,0
8295,simple,733,0
8296,simple,156,0
8297,simple,1531,0
8298,simple,110,0
8299,simple,481,0
8300,simple,138,0
8301,simple,1651,0
8302,simple,1767,0
8303,simple,1770,0
8304,simple,1748,0
8305,simple,1641,0
8306,simple,1718,0
8307,simple,1668,0
8308,simple,1511,0
8309,simple,1732,0
8310,simple,1752,0
8311,simple,8437,0
8312,simple,1594,0
8313,simple,795,0
8314,simple,1595,0
8315,simple,1631,0
8316,simple,1567,0
8317,simple,1532,0
8318,simple,1456,0
8319,simple,1749,0
8320,simple,1676,0
8321,simple,1700,0
8322,simple,1579,0
8323,simple,1568,0
8324,simple,1549,0
8325,simple,711,0
8326,simple,1580,0
8327,simple,1550,0
8328,simple,1468,0
8329,simple,1478,0
8330,simple,1581,0
8331,simple,1512,0
8332,simple,1489,0
8333,simple,687,0
8334,simple,1533,0
8335,simple,1490,0
8336,simple,1624,0
8337,simple,1596,0
8338,simple,1701,0
8339,simple,1642,0
8340,simple,844,0
8341,simple,8438,0
8342,simple,1733,0
8343,simple,743,0
8344,simple,1742,0
8345,simple,1739,0
8346,simple,1684,0
8347,simple,688,0
8348,simple,603,0
8349,simple,1669,0
8350,simple,1652,0
8351,simple,1702,0
8352,simple,693,0
8353,simple,676,0
8354,simple,717,0
8355,simple,1693,0
8356,simple,1670,0
8357,simple,48,0
8358,simple,1633,0
8359,simple,1694,0
8360,simple,1469,0
8361,simple,1428,0
8362,simple,700,0
8363,simple,1491,0
8364,simple,1597,0
8365,simple,1479,0
8366,simple,1725,0
8367,simple,762,0
8368,simple,766,0
8369,simple,1598,0
8370,simple,83,0
8371,simple,117,0
8372,simple,759,0
8373,simple,1444,0
8374,simple,466,0
8375,simple,768,0
8376,simple,729,0
8377,simple,1695,0
8378,simple,10550,0
8379,simple,1383,0
8380,simple,1410,0
8381,simple,715,0
8382,simple,144,0
8383,simple,356,0
8384,simple,719,0
8385,simple,1609,0
8386,simple,77,0
8387,simple,728,0
8388,simple,432,0
8389,simple,752,0
8390,simple,433,0
8391,simple,1408,0
8392,simple,224,0
8393,simple,709,0
8394,simple,685,0
8395,simple,148,0
8396,simple,1409,0
8397,simple,1762,0
8398,simple,896,0
8399,simple,967,0
8400,simple,889,0
8401,simple,932,0
8402,simple,970,0
8403,simple,1034,0
8404,simple,1059,0
8405,simple,933,0
8406,simple,934,0
8407,simple,1060,0
8408,simple,525,0
8409,simple,704,0
8410,simple,579,0
8411,simple,689,0
8412,simple,1457,0
8413,simple,1582,0
8414,simple,645,0
8415,simple,1634,0
8416,simple,1441,0
8417,simple,731,0
8418,simple,1534,0
8419,simple,1417,0
8420,simple,679,0
8421,simple,1610,0
8422,simple,1611,0
8423,simple,1442,0
8424,simple,682,0
8425,simple,49,0
8426,simple,1535,0
8427,simple,748,0
8428,simple,1443,0
8429,simple,1470,0
8430,simple,1662,0
8431,simple,1743,0
8432,simple,1734,0
8433,simple,1492,0
8434,simple,1685,0
8435,simple,8115,0
8436,simple,1480,0
8437,simple,1458,0
8438,simple,1671,0
8439,simple,562,0
8440,simple,1536,0
8441,simple,1412,0
8442,simple,1720,0
8443,simple,534,0
8444,simple,8125,0
8445,simple,1677,0
8446,simple,27,0
8447,simple,1471,0
8448,simple,701,0
8449,simple,1643,0
8450,simple,106140,0
8451,simple,9373,0
8452,simple,1744,0
8453,simple,1726,0
8454,simple,1703,0
8455,simple,1721,0
8456,simple,758,0
8457,simple,1709,0
8458,simple,821,0
8459,simple,333,0
8460,simple,1612,0
8461,simple,1722,0
8462,simple,683,0
8463,simple,106141,0
8464,simple,808,0
8465,simple,9374,0
8466,simple,1459,0
8467,simple,1583,0
8468,simple,1569,0
8469,simple,1757,0
8470,simple,738,0
8471,simple,1715,0
8472,simple,1551,0
8473,simple,1414,0
8474,simple,1429,0
8475,simple,492,0
8476,simple,1696,0
8477,simple,434,0
8478,simple,1415,0
8479,simple,179,0
8480,simple,1758,0
8481,simple,1727,0
8482,simple,707,0
8483,simple,677,0
8484,simple,1513,0
8485,simple,1538,0
8486,simple,678,0
8487,simple,8394,0
8488,simple,105726,0
8489,simple,8395,0
8490,simple,8907,0
8491,simple,8271,0
8492,simple,9903,0
8493,simple,9796,0
8494,simple,10468,0
8495,simple,948,0
8496,simple,935,0
8497,simple,9063,0
8498,simple,904,0
8499,simple,949,0
8500,simple,955,0
8501,simple,1097,0
8502,simple,1012,0
8503,simple,962,0
8504,simple,755,0
8505,simple,754,0
8506,simple,105984,0
8507,simple,1552,0
8508,simple,241,0
8509,simple,1697,0
8510,simple,8122,0
8511,simple,1570,0
8512,simple,1728,0
8513,simple,479,0
8514,simple,1678,0
8515,simple,1686,0
8516,simple,296,0
8517,simple,1396,0
8518,simple,513,0
8519,simple,1636,0
8520,simple,1451,0
8521,simple,526,0
8522,simple,8439,0
8523,simple,1687,0
8524,simple,1704,0
8525,simple,1584,0
8526,simple,106759,0
8527,simple,106757,0
8528,simple,106758,0
8529,simple,1460,0
8530,simple,723,0
8531,simple,519,0
8532,simple,1637,0
8533,simple,8116,0
8534,simple,1613,0
8535,simple,1653,0
8536,simple,1430,0
8537,simple,1553,0
8538,simple,91,0
8539,simple,1663,0
8540,simple,1472,0
8541,simple,106532,0
8542,simple,106148,0
8543,simple,1554,0
8544,simple,518,0
8545,simple,1768,0
8546,simple,1688,0
8547,simple,1745,0
8548,simple,1698,0
8549,simple,8126,0
8550,simple,800,0
8551,simple,1716,0
8552,simple,1705,0
8553,simple,8127,0
8554,simple,106529,0
8555,simple,1717,0
8556,simple,771,0
8557,simple,716,0
8558,simple,1689,0
8559,simple,1555,0
8560,simple,1539,0
8561,simple,1556,0
8562,simple,781,0
8563,simple,1614,0
8564,simple,772,0
8565,simple,1753,0
8566,simple,1540,0
8567,simple,8442,0
8568,simple,1664,0
8569,simple,1557,0
8570,simple,1348,0
8571,simple,760,0
8572,simple,1740,0
8573,simple,782,0
8574,simple,8111,0
8575,simple,1438,0
8576,simple,1759,0
8577,simple,1638,0
8578,simple,1723,0
8579,simple,106659,0
8580,simple,106658,0
8581,simple,1541,0
8582,simple,105993,0
8583,simple,10505,0
8584,simple,8113,0
8585,simple,1514,0
8586,simple,1558,0
8587,simple,1515,0
8588,simple,1516,0
8589,simple,1706,0
8590,simple,1559,0
8591,simple,845,0
8592,simple,105992,0
8593,simple,1729,0
8594,simple,8112,0
8595,simple,1542,0
8596,simple,1615,0
8597,simple,1517,0
8598,simple,1494,0
8599,simple,1639,0
8600,simple,10124,0
8601,simple,1518,0
8602,simple,936,0
8603,simple,816,0
8604,simple,1560,0
8605,simple,1445,0
8606,simple,10125,0
8607,simple,1750,0
8608,simple,105994,0
8609,simple,1561,0
8610,simple,780,0
8611,simple,680,0
8612,simple,1585,0
8613,simple,106712,0
8614,simple,106705,0
8615,simple,8117,0
8616,simple,106704,0
8617,simple,1616,0
8618,simple,1462,0
8619,simple,1474,0
8620,simple,2,0
8621,simple,1735,0
8622,simple,1654,0
8623,simple,1741,0
8624,simple,1626,0
8625,simple,3,0
8626,simple,1655,0
8627,simple,1618,0
8628,simple,690,0
8629,simple,1128,0
8630,simple,974,0
8631,simple,987,0
8632,simple,1127,0
8633,simple,905,0
8634,simple,8124,0
8635,simple,8974,0
8636,simple,8891,0
8637,simple,7864,0
8638,simple,1431,0
8639,simple,1562,0
8640,simple,8440,0
8641,simple,746,0
8642,simple,106761,0
8643,simple,7049,0
8644,simple,1519,0
8645,simple,761,0
8646,simple,1446,0
8647,simple,1543,0
8648,simple,9375,0
8649,simple,1656,0
8650,simple,1599,0
8651,simple,105988,0
8652,simple,105989,0
8653,simple,1495,0
8654,simple,300,0
8655,simple,1520,0
8656,simple,1571,0
8657,simple,9369,0
8658,simple,786,0
8659,simple,1421,0
8660,simple,1521,0
8661,simple,1463,0
8662,simple,9376,0
8663,simple,1482,0
8664,simple,8441,0
8665,simple,750,0
8666,simple,9377,0
8667,simple,805,0
8668,simple,1600,0
8669,simple,9378,0
8670,simple,1627,0
8671,simple,10131,0
8672,simple,753,0
8673,simple,105990,0
8674,simple,8128,0
8675,simple,1464,0
8676,simple,8026,0
8677,simple,1387,0
8678,simple,105985,0
8679,simple,1125,0
8680,simple,937,0
8681,simple,983,0
8682,simple,10110,0
8683,simple,975,0
8684,simple,1110,0
8685,simple,1066,0
8686,simple,1008,0
8687,simple,906,0
8688,simple,105996,0
8689,simple,1103,0
8690,simple,998,0
8691,simple,438,0
8692,simple,456,0
8693,simple,1422,0
8694,simple,439,0
8695,simple,440,0
8696,simple,441,0
8697,simple,7047,0
8698,simple,7048,0
8699,simple,442,0
8700,simple,443,0
8701,simple,1619,0
8702,simple,1497,0
8703,simple,106760,0
8704,simple,1475,0
8705,simple,1465,0
8706,simple,817,0
8707,simple,1601,0
8708,simple,783,0
8709,simple,636,0
8710,simple,1563,0
8711,simple,445,0
8712,simple,446,0
8713,simple,838,0
8714,simple,1564,0
8715,simple,1620,0
8716,simple,1423,0
8717,simple,788,0
8718,simple,106762,0
8719,simple,106763,0
8720,simple,1522,0
8721,simple,1586,0
8722,simple,835,0
8723,simple,801,0
8724,simple,789,0
8725,simple,1572,0
8726,simple,10100,0
8727,simple,1602,0
8728,simple,1587,0
8729,simple,1657,0
8730,simple,1573,0
8731,simple,1574,0
8732,simple,10133,0
8733,simple,10134,0
8734,simple,785,0
8735,simple,1588,0
8736,simple,10506,0
8737,simple,1589,0
8738,simple,1590,0
8739,simple,787,0
8740,simple,1544,0
8741,simple,1629,0
8742,simple,1621,0
8743,simple,8244,0
8744,simple,106706,0
8745,simple,106707,0
8746,simple,447,0
8747,simple,448,0
8748,simple,449,0
8749,simple,8071,0
8750,simple,450,0
8751,simple,451,0
8752,simple,452,0
8753,simple,453,0
8754,simple,880,0
8755,simple,477,0
8756,simple,454,0
8757,simple,455,0
8758,simple,7999,0
8759,simple,8272,0
8760,simple,8841,0
8761,simple,9794,0
8762,simple,8000,0
8763,simple,870,0
8764,simple,871,0
8765,simple,9021,0
8766,simple,8001,0
8767,simple,9795,0
8768,simple,9023,0
8769,simple,9370,0
8770,simple,1310,0
8771,simple,70,0
8772,simple,1398,0
8773,simple,1368,0
8774,simple,175,0
8775,simple,653,0
8776,simple,233,0
8777,simple,334,0
8778,simple,1341,0
8779,simple,1382,0
8780,simple,1253,0
8781,simple,1362,0
8782,simple,646,0
8783,simple,176,0
8784,simple,398,0
8785,simple,1274,0
8786,simple,252,0
8787,simple,127,0
8788,simple,396,0
8789,simple,1256,0
8790,simple,1283,0
8791,simple,1290,0
8792,simple,322,0
8793,simple,353,0
8794,simple,1333,0
8795,simple,747,0
8796,simple,1353,0
8797,simple,261,0
8798,simple,332,0
8799,simple,637,0
8800,simple,361,0
8801,simple,105,0
8802,simple,399,0
8803,simple,740,0
8804,simple,16,0
8805,simple,285,0
8806,simple,329,0
8807,simple,627,0
8808,simple,9799,0
8809,simple,362,0
8810,simple,118,0
8811,simple,289,0
8812,simple,96,0
8813,simple,71,0
8814,simple,552,0
8815,simple,301,0
8816,simple,1309,0
8817,simple,1286,0
8818,simple,345,0
8819,simple,629,0
8820,simple,105781,0
8821,simple,1235,0
8822,simple,471,0
8823,simple,393,0
8824,simple,158,0
8825,simple,1288,0
8826,simple,168,0
8827,simple,649,0
8828,simple,1329,0
8829,simple,234,0
8830,simple,92,0
8831,simple,654,0
8832,simple,298,0
8833,simple,608,0
8834,simple,343,0
8835,simple,357,0
8836,simple,1236,0
8837,simple,111,0
8838,simple,403,0
8839,simple,197,0
8840,simple,1260,0
8841,simple,225,0
8842,simple,1270,0
8843,simple,192,0
8844,simple,1302,0
8845,simple,1257,0
8846,simple,1334,0
8847,simple,1295,0
8848,simple,1266,0
8849,simple,264,0
8850,simple,57,0
8851,simple,1364,0
8852,simple,1243,0
8853,simple,1344,0
8854,simple,1318,0
8855,simple,1132,0
8856,simple,909,0
8857,simple,996,0
8858,simple,1044,0
8859,simple,1076,0
8860,simple,938,0
8861,simple,1085,0
8862,simple,1013,0
8863,simple,942,0
8864,simple,1117,0
8865,simple,1088,0
8866,simple,1091,0
8867,simple,1017,0
8868,simple,939,0
8869,simple,1002,0
8870,simple,1028,0
8871,simple,1129,0
8872,simple,1006,0
8873,simple,977,0
8874,simple,1029,0
8875,simple,757,0
8876,simple,1041,0
8877,simple,1086,0
8878,simple,1061,0
8879,simple,968,0
8880,simple,1575,0
8881,simple,1030,0
8882,simple,1119,0
8883,simple,9379,0
8884,simple,1483,0
8885,simple,1576,0
8886,simple,1476,0
8887,simple,1591,0
8888,simple,1645,0
8889,simple,1452,0
8890,simple,1764,0
8891,simple,1523,0
8892,simple,1524,0
8893,simple,1448,0
8894,simple,1659,0
8895,simple,1484,0
8896,simple,1707,0
8897,simple,1466,0
8898,simple,1498,0
8899,simple,7865,0
8900,simple,7876,0
8901,simple,8129,0
8902,simple,10508,0
8903,simple,105584,0
8904,simple,1447,0
8905,simple,10113,0
8906,simple,8130,0
8907,simple,8131,0
8908,simple,10114,0
8909,simple,10115,0
8910,simple,1710,0
8911,simple,630,0
8912,simple,829,0
8913,simple,8132,0
8914,simple,8133,0
8915,simple,8134,0
8916,simple,9800,0
8917,simple,9801,0
8918,simple,8135,0
8919,simple,837,0
8920,simple,32,0
8921,simple,4,0
8922,simple,774,0
8923,simple,819,0
8924,simple,581,0
8925,simple,9802,0
8926,simple,6886,0
8927,simple,484,0
8928,simple,8136,0
8929,simple,9803,0
8930,simple,809,0
8931,simple,8178,0
8932,simple,8137,0
8933,simple,8138,0
8934,simple,9908,0
8935,simple,843,0
8936,simple,8139,0
8937,simple,9804,0
8938,simple,8140,0
8939,simple,545,0
8940,simple,502,0
8941,simple,790,0
8942,simple,791,0
8943,simple,566,0
8944,simple,10116,0
8945,simple,8145,0
8946,simple,601,0
8947,simple,9909,0
8948,simple,9805,0
8949,simple,830,0
8950,simple,9905,0
8951,simple,8,0
8952,simple,6887,0
8953,simple,7312,0
8954,simple,6888,0
8955,simple,9807,0
8956,simple,9808,0
8957,simple,9,0
8958,simple,9809,0
8959,simple,107060,0
8960,simple,107061,0
8961,simple,10112,0
8962,simple,9810,0
8963,simple,1766,0
8964,simple,775,0
8965,simple,8003,0
8966,simple,802,0
8967,simple,9811,0
8968,simple,9812,0
8969,simple,8270,0
8970,simple,9798,0
8971,simple,8311,0
8972,simple,8896,0
8973,simple,7149,0
8974,simple,10139,0
8975,simple,9813,0
8976,simple,8141,0
8977,simple,846,0
8978,simple,616,0
8979,simple,8248,0
8980,simple,531,0
8981,simple,8142,0
8982,simple,8004,0
8983,simple,106726,0
8984,simple,107058,0
8985,simple,126,0
8986,simple,68,0
8987,simple,8143,0
8988,simple,9814,0
8989,simple,375,0
8990,simple,10103,0
8991,simple,166,0
8992,simple,105587,0
8993,simple,8144,0
8994,simple,426,0
8995,simple,105588,0
8996,simple,792,0
8997,simple,105591,0
8998,simple,7877,0
8999,simple,840,0
9000,simple,841,0
9001,simple,815,0
9002,simple,793,0
9003,simple,777,0
9004,simple,7086,0
9005,simple,10552,0
9006,simple,842,0
9007,simple,510,0
9008,simple,6892,0
9009,simple,109,0
9010,simple,847,0
9011,simple,778,0
9012,simple,856,0
9013,simple,868,0
9014,simple,877,0
9015,simple,873,0
9016,simple,869,0
9017,simple,8152,0
9018,simple,591,0
9019,simple,8159,0
9020,simple,9815,0
9021,simple,9816,0
9022,simple,9817,0
9023,simple,8160,0
9024,simple,468,0
9025,simple,457,0
9026,simple,186,0
9027,simple,9818,0
9028,simple,330,0
9029,simple,9819,0
9030,simple,105597,0
9031,simple,211,0
9032,simple,664,0
9033,simple,196,0
9034,simple,297,0
9035,simple,276,0
9036,simple,402,0
9037,simple,187,0
9038,simple,28,0
9039,simple,607,0
9040,simple,105590,0
9041,simple,177,0
9042,simple,149,0
9043,simple,804,0
9044,simple,72,0
9045,simple,9821,0
9046,simple,619,0
9047,simple,205,0
9048,simple,665,0
9049,simple,571,0
9050,simple,17,0
9051,simple,167,0
9052,simple,520,0
9053,simple,97,0
9054,simple,572,0
9055,simple,281,0
9056,simple,648,0
9057,simple,145,0
9058,simple,212,0
9059,simple,229,0
9060,simple,150,0
9061,simple,628,0
9062,simple,500,0
9063,simple,128,0
9064,simple,638,0
9065,simple,1254,0
9066,simple,540,0
9067,simple,134,0
9068,simple,784,0
9069,simple,563,0
9070,simple,342,0
9071,simple,818,0
9072,simple,268,0
9073,simple,482,0
9932,simple,2311,0
9933,simple,2104,0
9934,simple,2220,0
9935,simple,2057,0
9936,simple,2265,0
9937,simple,2326,0
9938,simple,2224,0
9939,simple,7426,0
9940,simple,2295,0
9941,simple,1978,0
9942,simple,2245,0
9943,simple,2267,0
9944,simple,2180,0
9945,simple,2221,0
9946,simple,2108,0
9947,simple,2209,0
9948,simple,1986,0
9949,simple,2112,0
9950,simple,2060,0
9951,simple,2254,0
9952,simple,1780,0
9953,simple,2284,0
9954,simple,2113,0
9955,simple,2063,0
9956,simple,2145,0
9957,simple,2146,0
9958,simple,2064,0
9959,simple,1990,0
9960,simple,2181,0
9961,simple,2333,0
9962,simple,2285,0
9963,simple,2066,0
9964,simple,2182,0
9965,simple,2102,0
9966,simple,2310,0
9967,simple,2312,0
9968,simple,1809,0
9969,simple,2345,0
9970,simple,1813,0
9971,simple,2163,0
9972,simple,2355,0
9973,simple,2383,0
9974,simple,1818,0
9975,simple,1820,0
9976,simple,2268,0
9977,simple,8215,0
9978,simple,2165,0
9979,simple,2184,0
9980,simple,2228,0
9981,simple,2269,0
9982,simple,2196,0
9983,simple,2197,0
9984,simple,2115,0
9985,simple,2276,0
9986,simple,2309,0
9987,simple,2386,0
9988,simple,2240,0
9989,simple,1997,0
9990,simple,1998,0
9991,simple,1999,0
9992,simple,2247,0
9993,simple,7845,0
9994,simple,2117,0
9995,simple,2003,0
9996,simple,2149,0
9997,simple,2229,0
9998,simple,2118,0
9999,simple,2119,0
10000,simple,2199,0
10001,simple,2200,0
10002,simple,2281,0
10003,simple,2270,0
10004,simple,2007,0
10005,simple,2271,0
10006,simple,2120,0
10007,simple,2169,0
10008,simple,2248,0
10009,simple,1915,0
10010,simple,8088,0
10011,simple,2010,0
10012,simple,2337,0
10013,simple,2343,0
10014,simple,2443,0
10015,simple,2330,0
10016,simple,2362,0
10017,simple,2013,0
10018,simple,2374,0
10019,simple,8013,0
10020,simple,2171,0
10021,simple,2186,0
10022,simple,8372,0
10023,simple,2230,0
10024,simple,2122,0
10025,simple,1920,0
10026,simple,2298,0
10027,simple,2123,0
10028,simple,2262,0
10029,simple,2363,0
10030,simple,2211,0
10031,simple,2124,0
10032,simple,2251,0
10033,simple,2341,0
10034,simple,2321,0
10035,simple,2072,0
10036,simple,2187,0
10037,simple,1926,0
10038,simple,2074,0
10039,simple,2075,0
10040,simple,2151,0
10041,simple,2242,0
10042,simple,2201,0
10043,simple,2382,0
10044,simple,2339,0
10045,simple,2277,0
10046,simple,2378,0
10047,simple,2017,0
10048,simple,2327,0
10049,simple,2351,0
10050,simple,2358,0
10051,simple,2317,0
10052,simple,2347,0
10053,simple,2307,0
10054,simple,2434,0
10055,simple,2275,0
10056,simple,1939,0
10057,simple,2344,0
10058,simple,2222,0
10059,simple,2125,0
10060,simple,8040,0
10061,simple,2322,0
10062,simple,2331,0
10063,simple,2299,0
10064,simple,2126,0
10065,simple,2214,0
10066,simple,2286,0
10067,simple,2601,0
10068,simple,2603,0
10069,simple,2605,0
10070,simple,2325,0
10071,simple,2367,0
10072,simple,2315,0
10073,simple,2342,0
10074,simple,2364,0
10075,simple,2376,0
10076,simple,2272,0
10077,simple,2278,0
10078,simple,2387,0
10079,simple,2617,0
10080,simple,2423,0
10081,simple,2418,0
10082,simple,2424,0
10083,simple,2429,0
10084,simple,2202,0
10085,simple,2639,0
10086,simple,2305,0
10087,simple,2328,0
10088,simple,2346,0
10089,simple,2076,0
10090,simple,2320,0
10091,simple,2020,0
10092,simple,8250,0
10093,simple,2438,0
10094,simple,2323,0
10095,simple,2266,0
10096,simple,2232,0
10097,simple,2665,0
10098,simple,2292,0
10099,simple,2332,0
10100,simple,2203,0
10101,simple,2432,0
10102,simple,2393,0
10103,simple,2397,0
10104,simple,2419,0
10105,simple,2416,0
10106,simple,2402,0
10107,simple,7038,0
10108,simple,2401,0
10109,simple,2404,0
10110,simple,2433,0
10111,simple,2077,0
10112,simple,2702,0
10113,simple,2710,0
10114,simple,2025,0
10115,simple,2027,0
10116,simple,2078,0
10117,simple,2720,0
10118,simple,2028,0
10119,simple,2366,0
10120,simple,2437,0
10121,simple,2335,0
10122,simple,2030,0
10123,simple,2243,0
10124,simple,2381,0
10125,simple,2384,0
10126,simple,2408,0
10127,simple,2747,0
10128,simple,2421,0
10129,simple,2373,0
10130,simple,2205,0
10131,simple,2427,0
10132,simple,2385,0
10133,simple,2032,0
10134,simple,2764,0
10135,simple,8091,0
10136,simple,2766,0
10137,simple,2778,0
10138,simple,2372,0
10139,simple,2035,0
10140,simple,2133,0
10141,simple,2206,0
10142,simple,2036,0
10143,simple,2155,0
10144,simple,2037,0
10145,simple,2038,0
10146,simple,2136,0
10147,simple,2822,0
10148,simple,2833,0
10149,simple,2244,0
10150,simple,2842,0
10151,simple,2137,0
10152,simple,2235,0
10153,simple,2083,0
10154,simple,2084,0
10155,simple,2308,0
10156,simple,2289,0
10157,simple,2290,0
10158,simple,2041,0
10159,simple,2042,0
10160,simple,2291,0
10161,simple,2279,0
10162,simple,2316,0
10163,simple,2086,0
10164,simple,2879,0
10165,simple,2440,0
10166,simple,2439,0
10167,simple,2273,0
10168,simple,2218,0
10169,simple,2190,0
10170,simple,2176,0
10171,simple,2156,0
10172,simple,2139,0
10173,simple,2901,0
10174,simple,2158,0
10175,simple,2159,0
10176,simple,2093,0
10177,simple,2094,0
10178,simple,2095,0
10179,simple,2096,0
10180,simple,2359,0
10181,simple,2177,0
10182,simple,2160,0
10183,simple,2049,0
10184,simple,2098,0
10185,simple,2141,0
10186,simple,2435,0
10187,simple,2207,0
10188,simple,7220,0
10189,simple,6924,0
10190,simple,6982,0
10191,simple,7222,0
10192,simple,8201,0
10193,simple,7225,0
10194,simple,6902,0
10195,simple,7169,0
10196,simple,7170,0
10197,simple,7227,0
10198,simple,7229,0
10199,simple,7231,0
10200,simple,7233,0
10201,simple,7177,0
10202,simple,7235,0
10203,simple,6897,0
10204,simple,7240,0
10205,simple,7241,0
10206,simple,7243,0
10207,simple,7249,0
10208,simple,6926,0
10209,simple,6984,0
10210,simple,7253,0
10211,simple,7175,0
10212,simple,7256,0
10213,simple,7264,0
10214,simple,6986,0
10215,simple,7042,0
10216,simple,7268,0
10217,simple,7269,0
10218,simple,7270,0
10219,simple,7271,0
10220,simple,7272,0
10221,simple,6994,0
10222,simple,7274,0
10223,simple,7275,0
10224,simple,7276,0
10225,simple,7277,0
10226,simple,7090,0
10227,simple,7278,0
10228,simple,7279,0
10229,simple,8099,0
10230,simple,6929,0
10231,simple,7000,0
10232,simple,8076,0
10233,simple,6930,0
10234,simple,7092,0
10235,simple,6931,0
10236,simple,8190,0
10237,simple,7093,0
10238,simple,7009,0
10239,simple,7010,0
10240,simple,7011,0
10241,simple,6906,0
10242,simple,8193,0
10243,simple,7282,0
10244,simple,7285,0
10245,simple,7288,0
10246,simple,7289,0
10247,simple,6989,0
10248,simple,6938,0
10249,simple,7094,0
10250,simple,7095,0
10251,simple,7013,0
10252,simple,8194,0
10253,simple,8259,0
10254,simple,8100,0
10255,simple,8192,0
10256,simple,6940,0
10257,simple,7290,0
10258,simple,7291,0
10259,simple,7293,0
10260,simple,6943,0
10261,simple,7096,0
10262,simple,6945,0
10263,simple,8200,0
10264,simple,8276,0
10265,simple,8278,0
10266,simple,7316,0
10267,simple,6900,0
10268,simple,7318,0
10269,simple,8280,0
10270,simple,8279,0
10271,simple,7321,0
10272,simple,7322,0
10273,simple,7300,0
10274,simple,7301,0
10275,simple,7326,0
10276,simple,7325,0
10277,simple,7327,0
10278,simple,7328,0
10279,simple,7330,0
10280,simple,7329,0
10281,simple,7331,0
10282,simple,7335,0
10283,simple,7336,0
10284,simple,6947,0
10285,simple,8203,0
10286,simple,6948,0
10287,simple,7019,0
10288,simple,7020,0
10289,simple,7181,0
10290,simple,7182,0
10291,simple,7183,0
10292,simple,7184,0
10293,simple,7118,0
10294,simple,7100,0
10295,simple,7120,0
10296,simple,6901,0
10297,simple,7194,0
10298,simple,6977,0
10299,simple,7196,0
10300,simple,7198,0
10301,simple,7197,0
10302,simple,7203,0
10303,simple,7205,0
10304,simple,7204,0
10305,simple,7206,0
10306,simple,7209,0
10307,simple,8102,0
10308,simple,7022,0
10309,simple,6955,0
10310,simple,6954,0
10311,simple,6956,0
10312,simple,7032,0
10313,simple,6957,0
10314,simple,7213,0
10315,simple,6958,0
10316,simple,6959,0
10317,simple,7214,0
10318,simple,6960,0
10319,simple,6961,0
10320,simple,7129,0
10321,simple,7004,0
10322,simple,8103,0
10323,simple,7135,0
10324,simple,6969,0
10325,simple,6970,0
10326,simple,6971,0
10327,simple,8104,0
10328,simple,7102,0
10329,simple,7136,0
10330,simple,8105,0
10331,simple,7349,0
10332,simple,7352,0
10333,simple,8108,0
10334,simple,7103,0
10335,simple,6903,0
10336,simple,6904,0
10337,simple,6978,0
10338,simple,7024,0
10339,simple,7353,0
10340,simple,6996,0
10341,simple,6997,0
10342,simple,8197,0
10343,simple,6980,0
10344,simple,6999,0
10345,simple,6981,0
10346,simple,7830,0
10347,simple,7026,0
10348,simple,7355,0
10349,simple,7357,0
10350,simple,7359,0
10351,simple,6911,0
10352,simple,7098,0
10353,simple,7028,0
10354,simple,7029,0
10355,simple,7360,0
10356,simple,7361,0
10357,simple,7362,0
10358,simple,6912,0
10359,simple,6914,0
10360,simple,7369,0
10361,simple,6915,0
10362,simple,7368,0
10363,simple,7370,0
10364,simple,7007,0
10365,simple,7371,0
10366,simple,6899,0
10367,simple,7372,0
10368,simple,7373,0
10369,simple,7793,0
10370,simple,7001,0
10371,simple,8637,0
10372,simple,8640,0
10373,simple,9525,0
10374,simple,8875,0
10375,simple,8642,0
10376,simple,8643,0
10377,simple,8644,0
10378,simple,8645,0
10379,simple,8646,0
10380,simple,8647,0
10381,simple,8648,0
10382,simple,8649,0
10383,simple,8650,0
10384,simple,8651,0
10385,simple,8652,0
10386,simple,8654,0
10387,simple,8655,0
10388,simple,8656,0
10389,simple,105764,0
10390,simple,8679,0
10391,simple,8680,0
10392,simple,8681,0
10393,simple,8682,0
10394,simple,8683,0
10395,simple,8657,0
10396,simple,8658,0
10397,simple,8659,0
10398,simple,8661,0
10399,simple,8662,0
10400,simple,7223,0
10401,simple,8663,0
10402,simple,8665,0
10403,simple,8664,0
10404,simple,8666,0
10405,simple,8667,0
10406,simple,8669,0
10407,simple,8670,0
10408,simple,8671,0
10409,simple,8672,0
10410,simple,8673,0
10411,simple,8674,0
10412,simple,8676,0
10413,simple,8677,0
10414,simple,8678,0
10415,simple,105766,0
10416,simple,8704,0
10417,simple,8705,0
10418,simple,8706,0
10419,simple,8707,0
10420,simple,7389,0
10421,simple,7298,0
10422,simple,8708,0
10423,simple,8709,0
10424,simple,8710,0
10425,simple,7800,0
10426,simple,8711,0
10427,simple,105768,0
10428,simple,8713,0
10429,simple,8714,0
10430,simple,7396,0
10431,simple,8716,0
10432,simple,8717,0
10433,simple,8684,0
10434,simple,7400,0
10435,simple,4055,0
10436,simple,7407,0
10437,simple,8686,0
10438,simple,7401,0
10439,simple,7410,0
10440,simple,8687,0
10441,simple,8688,0
10442,simple,8689,0
10443,simple,7408,0
10444,simple,8690,0
10445,simple,8692,0
10446,simple,8693,0
10447,simple,8695,0
10448,simple,7409,0
10449,simple,8696,0
10450,simple,8697,0
10451,simple,7402,0
10452,simple,7403,0
10453,simple,7404,0
10454,simple,7405,0
10455,simple,7406,0
10456,simple,8700,0
10457,simple,8701,0
10458,simple,9768,0
10459,simple,9769,0
10460,simple,9770,0
10461,simple,8720,0
10462,simple,8722,0
10463,simple,7212,0
10464,simple,9531,0
10465,simple,8725,0
10466,simple,8726,0
10467,simple,8727,0
10468,simple,8728,0
10469,simple,8729,0
10470,simple,9771,0
10471,simple,8730,0
10472,simple,8731,0
10473,simple,8732,0
10474,simple,8733,0
10475,simple,8734,0
10476,simple,9532,0
10477,simple,8735,0
10478,simple,8736,0
10479,simple,8737,0
10480,simple,8738,0
10481,simple,8739,0
10482,simple,8740,0
10483,simple,9772,0
10484,simple,8741,0
10485,simple,8742,0
10486,simple,8744,0
10487,simple,8745,0
10488,simple,8746,0
10489,simple,8747,0
10490,simple,9767,0
10491,simple,8750,0
10492,simple,8751,0
10493,simple,8752,0
10494,simple,9533,0
10495,simple,9773,0
10496,simple,9774,0
10497,simple,9775,0
10498,simple,9776,0
10499,simple,8766,0
10500,simple,9778,0
10501,simple,9779,0
10502,simple,9780,0
10503,simple,9781,0
10504,simple,4091,0
10505,simple,4089,0
10506,simple,4087,0
10507,simple,4086,0
10508,simple,4088,0
10509,simple,4082,0
10510,simple,4083,0
10511,simple,4085,0
10512,simple,4081,0
10513,simple,4078,0
10514,simple,4079,0
10515,simple,9782,0
10516,simple,4073,0
10517,simple,9784,0
10518,simple,9785,0
10519,simple,4060,0
10520,simple,4061,0
10521,simple,4063,0
10522,simple,4062,0
10523,simple,9534,0
10524,simple,9535,0
10525,simple,9537,0
10526,simple,9539,0
10527,simple,9540,0
10528,simple,9542,0
10529,simple,9543,0
10530,simple,10511,0
10531,simple,9544,0
10532,simple,9545,0
10533,simple,8784,0
10534,simple,9787,0
10535,simple,9788,0
10536,simple,9789,0
10537,simple,8789,0
10538,simple,9790,0
10539,simple,9791,0
10540,simple,10512,0
10541,simple,8790,0
10542,simple,8793,0
10543,simple,8794,0
10544,simple,8795,0
10545,simple,8796,0
10546,simple,8797,0
10547,simple,8798,0
10548,simple,8799,0
10549,simple,8800,0
10550,simple,4070,0
10551,simple,4072,0
10552,simple,8759,0
10553,simple,8761,0
10554,simple,4065,0
10555,simple,8763,0
10556,simple,8765,0
10557,simple,7795,0
10558,simple,4068,0
10559,simple,7804,0
10560,simple,8770,0
10561,simple,8771,0
10562,simple,8772,0
10563,simple,10513,0
10564,simple,10514,0
10565,simple,8773,0
10566,simple,4076,0
10567,simple,8776,0
10568,simple,7806,0
10569,simple,4069,0
10570,simple,4066,0
10571,simple,8781,0
10572,simple,8783,0
10573,simple,7807,0
10574,simple,8787,0
10575,simple,8788,0
10576,simple,105769,0
10577,simple,7808,0
10578,simple,7809,0
10579,simple,7792,0
10580,simple,7810,0
10581,simple,7811,0
10582,simple,8444,0
10583,simple,8445,0
10584,simple,3671,0
10585,simple,3686,0
10586,simple,3673,0
10587,simple,2589,0
10588,simple,8459,0
10589,simple,8446,0
10590,simple,3779,0
10591,simple,105679,0
10592,simple,10473,0
10593,simple,10474,0
10594,simple,10477,0
10595,simple,106378,0
10596,simple,8447,0
10597,simple,106379,0
10598,simple,8979,0
10599,simple,2598,0
10600,simple,105631,0
10601,simple,3707,0
10602,simple,3635,0
10603,simple,8448,0
10604,simple,9030,0
10605,simple,3710,0
10606,simple,8859,0
10607,simple,8858,0
10608,simple,2557,0
10609,simple,3736,0
10610,simple,9164,0
10611,simple,3724,0
10612,simple,3725,0
10613,simple,9165,0
10614,simple,3737,0
10615,simple,105790,0
10616,simple,3738,0
10617,simple,3751,0
10618,simple,106380,0
10619,simple,106381,0
10620,simple,3688,0
10621,simple,8981,0
10622,simple,8980,0
10623,simple,106382,0
10624,simple,10469,0
10625,simple,106383,0
10626,simple,106384,0
10627,simple,3637,0
10628,simple,3636,0
10629,simple,2558,0
10630,simple,106385,0
10631,simple,3638,0
10632,simple,3689,0
10633,simple,3639,0
10634,simple,2560,0
10635,simple,3641,0
10636,simple,2561,0
10637,simple,3644,0
10638,simple,3643,0
10639,simple,3649,0
10640,simple,106387,0
10641,simple,9031,0
10642,simple,3711,0
10643,simple,9915,0
10644,simple,2563,0
10645,simple,2562,0
10646,simple,9631,0
10647,simple,9034,0
10648,simple,3645,0
10649,simple,3692,0
10650,simple,3647,0
10651,simple,3646,0
10652,simple,3648,0
10653,simple,3650,0
10654,simple,2565,0
10655,simple,106388,0
10656,simple,3651,0
10657,simple,3652,0
10658,simple,3653,0
10659,simple,3654,0
10660,simple,3656,0
10661,simple,9169,0
10662,simple,105632,0
10663,simple,3658,0
10664,simple,3659,0
10665,simple,3759,0
10666,simple,8982,0
10667,simple,106390,0
10668,simple,8449,0
10669,simple,8983,0
10670,simple,8978,0
10671,simple,3772,0
10672,simple,3757,0
10673,simple,105634,0
10674,simple,2535,0
10675,simple,10479,0
10676,simple,3774,0
10677,simple,10472,0
10678,simple,8451,0
10679,simple,8452,0
10680,simple,8453,0
10681,simple,106392,0
10682,simple,106393,0
10683,simple,106395,0
10684,simple,106396,0
10685,simple,3781,0
10686,simple,3782,0
10687,simple,3694,0
10688,simple,106397,0
10689,simple,8454,0
10690,simple,2537,0
10691,simple,2524,0
10692,simple,2536,0
10693,simple,8012,0
10694,simple,8455,0
10695,simple,8456,0
10696,simple,8032,0
10697,simple,8457,0
10698,simple,8458,0
10699,simple,2526,0
10700,simple,2531,0
10701,simple,3770,0
10702,simple,3729,0
10703,simple,3720,0
10704,simple,3713,0
10705,simple,3660,0
10706,simple,3740,0
10707,simple,3741,0
10708,simple,2516,0
10709,simple,2520,0
10710,simple,2518,0
10711,simple,3663,0
10712,simple,3743,0
10713,simple,3735,0
10714,simple,2593,0
10715,simple,3714,0
10716,simple,3758,0
10717,simple,2549,0
10718,simple,2544,0
10719,simple,2594,0
10720,simple,3784,0
10721,simple,9681,0
10722,simple,8460,0
10723,simple,2546,0
10724,simple,3679,0
10725,simple,2532,0
10726,simple,3700,0
10727,simple,3701,0
10728,simple,3702,0
10729,simple,3748,0
10730,simple,8862,0
10731,simple,2551,0
10732,simple,2547,0
10733,simple,2552,0
10734,simple,8864,0
10735,simple,9171,0
10736,simple,8461,0
10737,simple,9172,0
10738,simple,2517,0
10739,simple,10482,0
10740,simple,8865,0
10741,simple,8867,0
10742,simple,8866,0
10743,simple,9861,0
10744,simple,3664,0
10745,simple,2529,0
10746,simple,2525,0
10747,simple,2580,0
10748,simple,9682,0
10749,simple,3744,0
10750,simple,2595,0
10751,simple,8869,0
10752,simple,9674,0
10753,simple,2527,0
10754,simple,9676,0
10755,simple,2534,0
10756,simple,2521,0
10757,simple,2581,0
10758,simple,2553,0
10759,simple,2555,0
10760,simple,3785,0
10761,simple,2550,0
10762,simple,8464,0
10763,simple,8870,0
10764,simple,9173,0
10765,simple,9174,0
10766,simple,9037,0
10767,simple,9175,0
10768,simple,9038,0
10769,simple,9039,0
10770,simple,9677,0
10771,simple,9678,0
10772,simple,9176,0
10773,simple,8871,0
10774,simple,3745,0
10775,simple,2528,0
10776,simple,3763,0
10777,simple,10484,0
10778,simple,10485,0
10779,simple,105681,0
10780,simple,3683,0
10781,simple,105683,0
10782,simple,9177,0
10783,simple,105684,0
10784,simple,106403,0
10785,simple,9178,0
10786,simple,9179,0
10787,simple,9632,0
10788,simple,106008,0
10789,simple,106399,0
10790,simple,10488,0
10791,simple,3717,0
10792,simple,10489,0
10793,simple,3718,0
10794,simple,3719,0
10795,simple,10490,0
10796,simple,105635,0
10797,simple,10493,0
10798,simple,10497,0
10799,simple,105636,0
10800,simple,105637,0
10801,simple,3705,0
10802,simple,10495,0
10803,simple,10496,0
10804,simple,8984,0
10805,simple,106400,0
10806,simple,3668,0
10807,simple,106401,0
10808,simple,3706,0
10809,simple,2588,0
10810,simple,3669,0
10811,simple,9276,0
10812,simple,106000,0
10813,simple,9281,0
10814,simple,9284,0
10815,simple,9287,0
10816,simple,9267,0
10817,simple,9269,0
10818,simple,9271,0
10819,simple,9270,0
10820,simple,4271,0
10821,simple,4095,0
10822,simple,4240,0
10823,simple,2956,0
10824,simple,2973,0
10825,simple,4128,0
10826,simple,7429,0
10827,simple,8378,0
10828,simple,8083,0
10829,simple,10460,0
10830,simple,105833,0
10831,simple,4201,0
10832,simple,105835,0
10833,simple,4138,0
10834,simple,8207,0
10835,simple,4096,0
10836,simple,105836,0
10837,simple,4255,0
10838,simple,4186,0
10839,simple,7040,0
10840,simple,8031,0
10841,simple,105837,0
10842,simple,4235,0
10843,simple,106673,0
10844,simple,2954,0
10845,simple,2970,0
10846,simple,10537,0
10847,simple,10538,0
10848,simple,4272,0
10849,simple,2957,0
10850,simple,4266,0
10851,simple,4156,0
10852,simple,105626,0
10853,simple,4260,0
10854,simple,2967,0
10855,simple,105838,0
10856,simple,4230,0
10857,simple,105627,0
10858,simple,4216,0
10859,simple,4176,0
10860,simple,2984,0
10861,simple,2985,0
10862,simple,4179,0
10863,simple,106672,0
10864,simple,105839,0
10865,simple,10536,0
10866,simple,2982,0
10867,simple,2978,0
10868,simple,105807,0
10869,simple,106652,0
10870,simple,105806,0
10871,simple,105808,0
10872,simple,2960,0
10873,simple,8210,0
10874,simple,2962,0
10875,simple,7611,0
10876,simple,4226,0
10877,simple,105809,0
10878,simple,4231,0
10879,simple,105810,0
10880,simple,8211,0
10881,simple,105834,0
10882,simple,105811,0
10883,simple,106653,0
10884,simple,106654,0
10885,simple,4102,0
10886,simple,2981,0
10887,simple,4103,0
10888,simple,4104,0
10889,simple,4269,0
10890,simple,2953,0
10891,simple,2975,0
10892,simple,4105,0
10893,simple,4107,0
10894,simple,4108,0
10895,simple,4122,0
10896,simple,4190,0
10897,simple,105813,0
10898,simple,105814,0
10899,simple,105815,0
10900,simple,2952,0
10901,simple,4262,0
10902,simple,106663,0
10903,simple,8212,0
10904,simple,8213,0
10905,simple,4257,0
10906,simple,4247,0
10907,simple,4259,0
10908,simple,4109,0
10909,simple,7612,0
10910,simple,4147,0
10911,simple,4117,0
10912,simple,4153,0
10913,simple,4268,0
10914,simple,2945,0
10915,simple,2976,0
10916,simple,10462,0
10917,simple,7438,0
10918,simple,105666,0
10919,simple,4164,0
10920,simple,2944,0
10921,simple,4218,0
10922,simple,2972,0
10923,simple,4094,0
10924,simple,4191,0
10925,simple,4182,0
10926,simple,2979,0
10927,simple,4188,0
10928,simple,4172,0
10929,simple,9599,0
10930,simple,4181,0
10931,simple,4180,0
10932,simple,4140,0
10933,simple,4264,0
10934,simple,4214,0
10935,simple,4224,0
10936,simple,4189,0
10937,simple,4173,0
10938,simple,4123,0
10939,simple,4160,0
10940,simple,4154,0
10941,simple,4130,0
10942,simple,2963,0
10943,simple,4253,0
10944,simple,4233,0
10945,simple,4120,0
10946,simple,4207,0
10947,simple,6851,0
10948,simple,4250,0
10949,simple,2977,0
10950,simple,4196,0
10951,simple,4148,0
10952,simple,4157,0
10953,simple,2959,0
10954,simple,4263,0
10955,simple,4135,0
10956,simple,4161,0
10957,simple,4252,0
10958,simple,4265,0
10959,simple,4134,0
10960,simple,4175,0
10961,simple,4227,0
10962,simple,4158,0
10963,simple,106662,0
10964,simple,4151,0
10965,simple,4217,0
10966,simple,4146,0
10967,simple,7610,0
10968,simple,4137,0
10969,simple,4133,0
10970,simple,4163,0
10971,simple,4152,0
10972,simple,7616,0
10973,simple,105842,0
10974,simple,4131,0
10975,simple,9601,0
10976,simple,4162,0
10977,simple,8082,0
10978,simple,4211,0
10979,simple,7614,0
10980,simple,4256,0
10981,simple,7615,0
10982,simple,4168,0
10983,simple,4199,0
10984,simple,4248,0
10985,simple,4155,0
10986,simple,4169,0
10987,simple,7620,0
10988,simple,4150,0
10989,simple,2968,0
10990,simple,4245,0
10991,simple,106661,0
10992,simple,106664,0
10993,simple,8380,0
10994,simple,9604,0
10995,simple,4116,0
10996,simple,4192,0
10997,simple,2983,0
10998,simple,9600,0
10999,simple,4270,0
11000,simple,2974,0
11001,simple,2950,0
11002,simple,2942,0
11003,simple,4183,0
11004,simple,8081,0
11005,simple,4241,0
11006,simple,4234,0
11007,simple,2947,0
11008,simple,4219,0
11009,simple,4236,0
11010,simple,7621,0
11011,simple,2949,0
11012,simple,4254,0
11013,simple,4249,0
11014,simple,2969,0
11015,simple,9594,0
11016,simple,8035,0
11017,simple,4144,0
11018,simple,4220,0
11019,simple,4209,0
11020,simple,4141,0
11021,simple,7622,0
11022,simple,4136,0
11023,simple,10535,0
11024,simple,7619,0
11025,simple,4193,0
11026,simple,4165,0
11027,simple,10534,0
11028,simple,105841,0
11029,simple,105843,0
11030,simple,4194,0
11031,simple,2964,0
11032,simple,4177,0
11033,simple,4222,0
11034,simple,4238,0
11035,simple,4202,0
11036,simple,4166,0
11037,simple,4242,0
11038,simple,4237,0
11039,simple,4203,0
11040,simple,4174,0
11041,simple,4243,0
11042,simple,2971,0
11043,simple,4197,0
11044,simple,8370,0
11045,simple,4124,0
11046,simple,4212,0
11047,simple,4210,0
11048,simple,4223,0
11049,simple,4195,0
11050,simple,4200,0
11051,simple,4171,0
11052,simple,4213,0
11053,simple,4167,0
11054,simple,4126,0
11055,simple,8371,0
11056,simple,4239,0
11057,simple,4204,0
11058,simple,4215,0
11059,simple,4221,0
11060,simple,4244,0
11061,simple,4228,0
11062,simple,4205,0
11063,simple,4225,0
11064,simple,4184,0
11065,simple,4178,0
11066,simple,106666,0
11067,simple,4185,0
11068,simple,106667,0
11069,simple,7041,0
11070,simple,8033,0
11071,simple,2965,0
11114,simple,105522,0
11115,simple,105523,0
11116,simple,105524,0
11117,simple,105525,0
11118,simple,105526,0
11119,simple,105527,0
11120,simple,105528,0
11121,simple,105530,0
11122,simple,105531,0
11123,simple,105534,0
11124,simple,105536,0
11125,simple,105537,0
11126,simple,105538,0
11127,simple,105539,0
11128,simple,105540,0
11129,simple,105541,0
11130,simple,105542,0
11131,simple,105544,0
11132,simple,105545,0
11133,simple,105547,0
11134,simple,105548,0
11135,simple,105549,0
11136,simple,105550,0
11138,simple,8465,0
11139,simple,8466,0
11140,simple,8467,0
11141,simple,8468,0
11142,simple,8469,0
11143,simple,8470,0
11144,simple,8471,0
11145,simple,8472,0
11146,simple,8473,0
11147,simple,8475,0
11148,simple,8476,0
11149,simple,8477,0
11150,simple,8478,0
11151,simple,8479,0
11152,simple,8480,0
11153,simple,8481,0
11154,simple,8483,0
11155,simple,8484,0
11156,simple,8485,0
11157,simple,8486,0
11158,simple,8487,0
11159,simple,8488,0
11160,simple,8489,0
11161,simple,8490,0
11162,simple,8491,0
11163,simple,8492,0
11164,simple,8493,0
11165,simple,8496,0
11166,simple,8497,0
11167,simple,8498,0
11168,simple,8499,0
11169,simple,8500,0
11170,simple,8501,0
11171,simple,8502,0
11172,simple,8503,0
11173,simple,8504,0
11174,simple,8505,0
11175,simple,8506,0
11176,simple,8507,0
11177,simple,8508,0
11178,simple,8509,0
11179,simple,8510,0
11180,simple,8511,0
11181,simple,8512,0
11182,simple,8513,0
11183,simple,8514,0
11184,simple,8515,0
11185,simple,8516,0
11186,simple,8517,0
11187,simple,8518,0
11188,simple,8519,0
11189,simple,8494,0
11190,simple,8495,0
11191,simple,8522,0
11192,simple,8523,0
11193,simple,8524,0
11194,simple,8525,0
11195,simple,8526,0
11196,simple,8527,0
11197,simple,8528,0
11198,simple,8529,0
11199,simple,8530,0
11200,simple,8531,0
11201,simple,8532,0
11202,simple,8533,0
11203,simple,8534,0
11204,simple,8535,0
11205,simple,8536,0
11206,simple,8537,0
11207,simple,8538,0
11208,simple,8539,0
11209,simple,8540,0
11210,simple,8541,0
11211,simple,8542,0
11212,simple,8543,0
11213,simple,8544,0
11214,simple,8545,0
11215,simple,8546,0
11216,simple,8547,0
11217,simple,8548,0
11218,simple,8520,0
11219,simple,8521,0
11220,simple,9607,0
11221,simple,9608,0
11222,simple,9609,0
11223,simple,9588,0
11224,simple,8551,0
11225,simple,107080,0
11226,simple,106524,0
11227,simple,8549,0
11228,simple,8550,0
11229,simple,8552,0
11230,simple,8553,0
11231,simple,8554,0
11232,simple,8555,0
11233,simple,8556,0
11234,simple,8557,0
11235,simple,8558,0
11236,simple,8559,0
11237,simple,8560,0
11238,simple,8561,0
11239,simple,8562,0
11240,simple,8563,0
11241,simple,8564,0
11242,simple,8565,0
11243,simple,8566,0
11244,simple,8567,0
11245,simple,8568,0
11246,simple,8569,0
11247,simple,8570,0
11248,simple,8571,0
11249,simple,8572,0
11250,simple,8573,0
11251,simple,8574,0
11252,simple,8575,0
11253,simple,8576,0
11254,simple,8577,0
11255,simple,8578,0
11256,simple,8579,0
11257,simple,8580,0
11258,simple,8581,0
11259,simple,8584,0
11260,simple,8585,0
11261,simple,8586,0
11262,simple,8588,0
11263,simple,8590,0
11264,simple,8591,0
11265,simple,8592,0
11266,simple,8593,0
11267,simple,8594,0
11268,simple,8595,0
11269,simple,8596,0
11270,simple,8597,0
11271,simple,8598,0
11272,simple,8599,0
11273,simple,8600,0
11274,simple,8601,0
11275,simple,8602,0
11276,simple,8603,0
11277,simple,8604,0
11278,simple,8605,0
11279,simple,8606,0
11280,simple,8607,0
11281,simple,8582,0
11282,simple,8583,0
11283,simple,107087,0
11284,simple,8610,0
11285,simple,8611,0
11286,simple,8612,0
11287,simple,8613,0
11288,simple,8614,0
11289,simple,8615,0
11290,simple,8616,0
11291,simple,8617,0
11292,simple,8618,0
11293,simple,8619,0
11294,simple,8620,0
11295,simple,8621,0
11296,simple,8622,0
11297,simple,8623,0
11298,simple,8624,0
11299,simple,8625,0
11300,simple,8627,0
11301,simple,8628,0
11302,simple,8629,0
11303,simple,8630,0
11304,simple,8631,0
11305,simple,8632,0
11306,simple,8633,0
11307,simple,8634,0
11308,simple,8635,0
11309,simple,8636,0
11310,simple,8608,0
11311,simple,8609,0
11312,simple,107081,0
11313,simple,107082,0
11314,simple,107083,0
11315,simple,107084,0
11322,simple,5183,0
11323,simple,5181,0
11324,simple,5228,0
11325,simple,5210,0
11326,simple,5255,0
11327,simple,5222,0
11328,simple,106434,0
11329,simple,5316,0
11330,simple,5260,0
11331,simple,5187,0
11332,simple,5217,0
11333,simple,5184,0
11334,simple,5212,0
11335,simple,5312,0
11336,simple,5223,0
11337,simple,5218,0
11338,simple,5214,0
11339,simple,5221,0
11340,simple,5204,0
11341,simple,5192,0
11342,simple,5207,0
11343,simple,5197,0
11344,simple,5288,0
11345,simple,5200,0
11346,simple,5225,0
11347,simple,5198,0
11348,simple,5242,0
11349,simple,5194,0
11350,simple,5189,0
11351,simple,5201,0
11352,simple,5195,0
11353,simple,5229,0
11354,simple,5216,0
11355,simple,5203,0
11356,simple,5224,0
11357,simple,5213,0
11358,simple,5193,0
11359,simple,5206,0
11360,simple,5188,0
11361,simple,5227,0
11362,simple,5211,0
11363,simple,5278,0
11364,simple,8171,0
11365,simple,5226,0
11366,simple,5215,0
11367,simple,5220,0
11368,simple,5230,0
11369,simple,105623,0
11370,simple,106525,0
11371,simple,9606,0
11372,simple,5234,0
11373,simple,5231,0
11374,simple,5271,0
11375,simple,5276,0
11376,simple,5186,0
11377,simple,5274,0
11378,simple,5208,0
11379,simple,5196,0
11380,simple,5264,0
11381,simple,7787,0
11382,simple,5247,0
11383,simple,5191,0
11384,simple,5270,0
11385,simple,5256,0
11386,simple,5233,0
11387,simple,5244,0
11388,simple,5269,0
11389,simple,5232,0
11390,simple,5262,0
11391,simple,5317,0
11392,simple,5251,0
11393,simple,5252,0
11394,simple,5243,0
11395,simple,5199,0
11396,simple,5249,0
11397,simple,5235,0
11398,simple,5236,0
11399,simple,5250,0
11400,simple,5239,0
11401,simple,5190,0
11402,simple,5238,0
11403,simple,5265,0
11404,simple,5267,0
11405,simple,5240,0
11406,simple,5277,0
11407,simple,5254,0
11408,simple,5259,0
11409,simple,5275,0
11410,simple,5248,0
11411,simple,5257,0
11412,simple,5268,0
11413,simple,5263,0
11414,simple,5266,0
11415,simple,5273,0
11416,simple,5261,0
11417,simple,5286,0
11418,simple,8172,0
11419,simple,5272,0
11420,simple,5237,0
11421,simple,5258,0
11422,simple,5219,0
11423,simple,9612,0
11424,simple,5279,0
11425,simple,5305,0
11426,simple,5290,0
11427,simple,5303,0
11428,simple,5295,0
11429,simple,5302,0
11430,simple,5283,0
11431,simple,5293,0
11432,simple,5284,0
11433,simple,5285,0
11434,simple,5245,0
11435,simple,9613,0
11436,simple,5281,0
11437,simple,5282,0
11438,simple,5300,0
11439,simple,5280,0
11440,simple,5304,0
11441,simple,5307,0
11442,simple,5306,0
11443,simple,5292,0
11444,simple,5289,0
11445,simple,5294,0
11446,simple,5298,0
11447,simple,5299,0
11448,simple,5297,0
11449,simple,5301,0
11450,simple,5296,0
11451,simple,5291,0
11452,simple,5308,0
11453,simple,5253,0
11454,simple,5246,0
11455,simple,5314,0
11456,simple,5315,0
11457,simple,5310,0
11458,simple,5309,0
11459,simple,5311,0
11460,simple,5313,0
11461,simple,5202,0
11462,simple,5241,0
11463,simple,5953,0
11464,simple,5952,0